usneseni,kategorie,cislo,stala_delegace,poslanec,nahradnik,funkce,termin,pobyt,zeme,organizace,mesto,zduvodneni,naklady_PSP,url
UO007,2,1,,R. Vondráček,F,předseda PS,30.11. – 1.12.2017,30.11. – 1.12.2017,Maďarsko,V4,Budapešť,účast na setkání předsedů parlamentů zemí V4 v Budapešti (na pozvání předsedy Národního shromáždění Maďarska),"ubytování, stravné, pojištění",http://www.psp.cz/sqw/text/text2.sqw?idd=119872
UO007,2,1,,K. Schwarzenberg,F,Zahraniční výbor,13. – 14. 12. 2017,13. – 14. 12. 2017,Maďarsko,V4,Budapešť,účast na pravidelném setkání předsedů a místopředsedů zahraničních výborů parlamentů zemí Visegrádské skupiny pořádaném Parlamentem Maďarska v Budapešti,"doprava, ubytování, stravné, pojištění",http://www.psp.cz/sqw/text/text2.sqw?idd=119872
UO007,2,1,,J. Kobza,F,Zahraniční výbor,13. – 14. 12. 2017,13. – 14. 12. 2017,Maďarsko,V4,Budapešť,účast na pravidelném setkání předsedů a místopředsedů zahraničních výborů parlamentů zemí Visegrádské skupiny pořádaném Parlamentem Maďarska v Budapešti,"doprava, ubytování, stravné, pojištění",http://www.psp.cz/sqw/text/text2.sqw?idd=119872
UO007,2,1,,R. Králíček,F,Zahraniční výbor,13. – 14. 12. 2017,13. – 14. 12. 2017,Maďarsko,V4,Budapešť,účast na pravidelném setkání předsedů a místopředsedů zahraničních výborů parlamentů zemí Visegrádské skupiny pořádaném Parlamentem Maďarska v Budapešti,"doprava, ubytování, stravné, pojištění",http://www.psp.cz/sqw/text/text2.sqw?idd=119872
UO007,2,1,,M. Peksa,F,Zahraniční výbor,13. – 14. 12. 2017,13. – 14. 12. 2017,Maďarsko,V4,Budapešť,účast na pravidelném setkání předsedů a místopředsedů zahraničních výborů parlamentů zemí Visegrádské skupiny pořádaném Parlamentem Maďarska v Budapešti,"doprava, ubytování, stravné, pojištění",http://www.psp.cz/sqw/text/text2.sqw?idd=119872
UO007,2,3,,R. Maxová,F,Výbor pro sociální politiku,20. – 21. 12. 2017,20. – 21. 12. 2017,Maďarsko,V4,Budapešť,účast na pravidelném setkání předsedů a místopředsedů výborů pro sociální politiku parlamentů zemí Visegrádské skupiny pořádaném Parlamentem Maďarska v Budapešti,"doprava, ubytování, stravné, pojištění",http://www.psp.cz/sqw/text/text2.sqw?idd=119872
UO007,2,3,,L. Šafránková,F,Výbor pro sociální politiku,20. – 21. 12. 2017,20. – 21. 12. 2017,Maďarsko,V4,Budapešť,účast na pravidelném setkání předsedů a místopředsedů výborů pro sociální politiku parlamentů zemí Visegrádské skupiny pořádaném Parlamentem Maďarska v Budapešti,"doprava, ubytování, stravné, pojištění",http://www.psp.cz/sqw/text/text2.sqw?idd=119872
UO007,2,3,,J. Pastuchová,T,Výbor pro sociální politiku,20. – 21. 12. 2017,20. – 21. 12. 2017,Maďarsko,V4,Budapešť,účast na pravidelném setkání předsedů a místopředsedů výborů pro sociální politiku parlamentů zemí Visegrádské skupiny pořádaném Parlamentem Maďarska v Budapešti,"doprava, ubytování, stravné, pojištění",http://www.psp.cz/sqw/text/text2.sqw?idd=119872
UO014,2,1,,O. Benešík,F,předseda Výboru pro evropské záležitosti,21. – 22. 1. 2018,21. – 23. 1. 2018,Bulharsko,EU,Sofie,účast na pravidelném setkání předsedů výborů pro evropské záležitosti národních parlamentů členských a kandidátských zemí EU a zástupců EP (COSAC) v Sofii,"doprava, ubytování, stravné, pojištění",http://www.psp.cz/sqw/text/text2.sqw?idd=143296
UO014,2,2,,O. Benešík,F,Výbor pro evropské záležitosti,24. 1. 2018,23. – 24. 1. 2018,Belgie,EP,Brusel,účast na meziparlamentním setkání k migrační agendě pořádaném výborem LIBE EP v Bruselu,"doprava, ubytování, stravné, pojištění",http://www.psp.cz/sqw/text/text2.sqw?idd=143296
UO014,2,2,,J. Kobza,F,Výbor pro evropské záležitosti,24. 1. 2018,23. – 24. 1. 2018,Belgie,EP,Brusel,účast na meziparlamentním setkání k migrační agendě pořádaném výborem LIBE EP v Bruselu,"doprava, ubytování, stravné, pojištění",http://www.psp.cz/sqw/text/text2.sqw?idd=143296
UO014,2,2,,H. Langšádlová,F,Výbor pro evropské záležitosti,24. 1. 2018,23. – 24. 1. 2018,Belgie,EP,Brusel,účast na meziparlamentním setkání k migrační agendě pořádaném výborem LIBE EP v Bruselu,"doprava, ubytování, stravné, pojištění",http://www.psp.cz/sqw/text/text2.sqw?idd=143296
UO014,2,2,,J. Skopeček,F,Výbor pro evropské záležitosti,24. 1. 2018,23. – 24. 1. 2018,Belgie,EP,Brusel,účast na meziparlamentním setkání k migrační agendě pořádaném výborem LIBE EP v Bruselu,"doprava, ubytování, stravné, pojištění",http://www.psp.cz/sqw/text/text2.sqw?idd=143296
UO014,2,2,,M. Peksa,T,Výbor pro evropské záležitosti,24. 1. 2018,23. – 24. 1. 2018,Belgie,EP,Brusel,účast na meziparlamentním setkání k migrační agendě pořádaném výborem LIBE EP v Bruselu,"doprava, ubytování, stravné, pojištění",http://www.psp.cz/sqw/text/text2.sqw?idd=143296
UO014,2,2,,F. Kopřiva,T,Výbor pro evropské záležitosti,24. 1. 2018,23. – 24. 1. 2018,Belgie,EP,Brusel,účast na meziparlamentním setkání k migrační agendě pořádaném výborem LIBE EP v Bruselu,"doprava, ubytování, stravné, pojištění",http://www.psp.cz/sqw/text/text2.sqw?idd=143296
UO014,2,2,,L. Volný,T,Výbor pro evropské záležitosti,24. 1. 2018,23. – 24. 1. 2018,Belgie,EP,Brusel,účast na meziparlamentním setkání k migrační agendě pořádaném výborem LIBE EP v Bruselu,"doprava, ubytování, stravné, pojištění",http://www.psp.cz/sqw/text/text2.sqw?idd=143296
UO021,1,1,Rada Evropy,M. Němcová,F,NA,22. – 26.1. 2018,21. – 26.1. 2018,Francie,,Štrasburk,1. část plenárního zasedání PS RE,"doprava, ubytování, stravné, pojištění, příspěvek na recepci pořádanou v rámci setkání V4 ve výši 200 EUR",http://www.psp.cz/sqw/text/text2.sqw?idd=143533
UO021,1,1,Rada Evropy,O. Benešík,F,NA,22. – 26.1. 2018,21. – 26.1. 2018,Francie,,Štrasburk,1. část plenárního zasedání PS RE,"doprava, ubytování, stravné, pojištění, příspěvek na recepci pořádanou v rámci setkání V4 ve výši 200 EUR",http://www.psp.cz/sqw/text/text2.sqw?idd=143533
UO021,1,1,Rada Evropy,J. Bžoch,F,NA,22. – 26.1. 2018,21. – 26.1. 2018,Francie,,Štrasburk,1. část plenárního zasedání PS RE,"doprava, ubytování, stravné, pojištění, příspěvek na recepci pořádanou v rámci setkání V4 ve výši 200 EUR",http://www.psp.cz/sqw/text/text2.sqw?idd=143533
UO021,1,1,Rada Evropy,T. Hanzel,F,NA,22. – 26.1. 2018,21. – 26.1. 2018,Francie,,Štrasburk,1. část plenárního zasedání PS RE,"doprava, ubytování, stravné, pojištění, příspěvek na recepci pořádanou v rámci setkání V4 ve výši 200 EUR",http://www.psp.cz/sqw/text/text2.sqw?idd=143533
UO021,1,1,Rada Evropy,F. Kopřiva,F,NA,22. – 26.1. 2018,21. – 26.1. 2018,Francie,,Štrasburk,1. část plenárního zasedání PS RE,"doprava, ubytování, stravné, pojištění, příspěvek na recepci pořádanou v rámci setkání V4 ve výši 200 EUR",http://www.psp.cz/sqw/text/text2.sqw?idd=143533
UO021,1,1,Rada Evropy,J. Kytýr,F,NA,22. – 26.1. 2018,21. – 26.1. 2018,Francie,,Štrasburk,1. část plenárního zasedání PS RE,"doprava, ubytování, stravné, pojištění, příspěvek na recepci pořádanou v rámci setkání V4 ve výši 200 EUR",http://www.psp.cz/sqw/text/text2.sqw?idd=143533
UO021,1,1,Rada Evropy,J. Kobza,F,NA,22. – 26.1. 2018,21. – 26.1. 2018,Francie,,Štrasburk,1. část plenárního zasedání PS RE,"doprava, ubytování, stravné, pojištění, příspěvek na recepci pořádanou v rámci setkání V4 ve výši 200 EUR",http://www.psp.cz/sqw/text/text2.sqw?idd=143533
UO021,1,1,Rada Evropy,P. Staněk,F,NA,22. – 26.1. 2018,21. – 26.1. 2018,Francie,,Štrasburk,1. část plenárního zasedání PS RE,"doprava, ubytování, stravné, pojištění, příspěvek na recepci pořádanou v rámci setkání V4 ve výši 200 EUR",http://www.psp.cz/sqw/text/text2.sqw?idd=143533
UO021,1,1,Rada Evropy,J. Strýček,F,NA,22. – 26.1. 2018,21. – 26.1. 2018,Francie,,Štrasburk,1. část plenárního zasedání PS RE,"doprava, ubytování, stravné, pojištění, příspěvek na recepci pořádanou v rámci setkání V4 ve výši 200 EUR",http://www.psp.cz/sqw/text/text2.sqw?idd=143533
UO021,2,1,,A. Kalous,T,Výbor pro evropské záležitosti,24.1. 2018,23. – 24.1. 2018,Belgie,EP,Brusel,"účast na meziparlamentním setkání k migrační agendě pořádaném výborem LIBE EP v Bruselu cesta schválena ORGV 13.12. 2017, usn. č. 14 – pouze doplnění jména náhradníka","doprava, ubytování, stravné, pojištění",http://www.psp.cz/sqw/text/text2.sqw?idd=143533
UO021,3,1,,R. Vondráček,F,předseda PS,5.1. 2018,5.1. 2018,Polsko,,Promnice,pracovní setkání s maršálkem Sejmu Polské republiky Markem Kuchcińskim v Promnicích (na pozvání maršálka Sejmu PR),"stravné, pojištění",http://www.psp.cz/sqw/text/text2.sqw?idd=143533
UO021,3,1,,R. Vondráček,F,předseda PS,14. – 15.1. 2018,14. – 15.1. 2018,Slovensko,,Bratislava,oficiální návštěva Slovenské republiky (na pozvání předsedy Národní rady SR Andreje Danka),"stravné, pojištění",http://www.psp.cz/sqw/text/text2.sqw?idd=143533
UO021,3,1,,J. Hamáček,F,1. místopředseda PS,14. – 15.1. 2018,14. – 15.1. 2018,Slovensko,,Bratislava,oficiální návštěva Slovenské republiky (na pozvání předsedy Národní rady SR Andreje Danka),"stravné, pojištění",http://www.psp.cz/sqw/text/text2.sqw?idd=143533
UO021,3,1,,V. Filip,F,místopředseda PS,14. – 15.1. 2018,14. – 15.1. 2018,Slovensko,,Bratislava,oficiální návštěva Slovenské republiky (na pozvání předsedy Národní rady SR Andreje Danka),"stravné, pojištění",http://www.psp.cz/sqw/text/text2.sqw?idd=143533
UO021,3,1,,T. Okamura,F,místopředseda PS,14. – 15.1. 2018,14. – 15.1. 2018,Slovensko,,Bratislava,oficiální návštěva Slovenské republiky (na pozvání předsedy Národní rady SR Andreje Danka),"stravné, pojištění",http://www.psp.cz/sqw/text/text2.sqw?idd=143533
UO021,3,1,,V. Pikal,F,místopředseda PS,14. – 15.1. 2018,14. – 15.1. 2018,Slovensko,,Bratislava,oficiální návštěva Slovenské republiky (na pozvání předsedy Národní rady SR Andreje Danka),"stravné, pojištění",http://www.psp.cz/sqw/text/text2.sqw?idd=143533
UO027,1,1,NATO,J. Farský,F,NA,6. – 9. 2. 2018,5. – 10. 2. 2018,USA,,Washington,"zasedání Výboru pro obranu a bezpečnost (Washington, Charleston)","doprava, ubytování, stravné, pojištění",http://www.psp.cz/sqw/text/text2.sqw?idd=143690
UO027,1,2,NATO,J. Hájek,F,NA,7. – 9. 2. 2018,7. – 9. 2. 2018,Francie,,Paříž,zasedání Politického výboru a Výboru pro ekonomii a bezpečnost (účast na 6. Parlamentních dnech OECD),"doprava, ubytování, stravné, pojištění",http://www.psp.cz/sqw/text/text2.sqw?idd=143690
UO027,1,2,NATO,J. Hamáček,F,NA,7. – 9. 2. 2018,7. – 9. 2. 2018,Francie,,Paříž,zasedání Politického výboru a Výboru pro ekonomii a bezpečnost (účast na 6. Parlamentních dnech OECD),"doprava, ubytování, stravné, pojištění",http://www.psp.cz/sqw/text/text2.sqw?idd=143690
UO027,1,2,NATO,J. Lipavský,F,NA,7. – 9. 2. 2018,7. – 9. 2. 2018,Francie,,Paříž,zasedání Politického výboru a Výboru pro ekonomii a bezpečnost (účast na 6. Parlamentních dnech OECD),"doprava, ubytování, stravné, pojištění",http://www.psp.cz/sqw/text/text2.sqw?idd=143690
UO027,1,3,Organizace pro bezpečnost a spolupráci v Evropě,K. Maříková,F,NA,22. – 23. 2. 2018,21. – 23. 2. 2018,Rakousko,,Vídeň,Zimní zasedání PS OBSE,"doprava, ubytování, stravné, pojištění",http://www.psp.cz/sqw/text/text2.sqw?idd=143690
UO027,1,3,Organizace pro bezpečnost a spolupráci v Evropě,J. Bauer,F,NA,22. – 23. 2. 2018,21. – 23. 2. 2018,Rakousko,,Vídeň,Zimní zasedání PS OBSE,"doprava, ubytování, stravné, pojištění",http://www.psp.cz/sqw/text/text2.sqw?idd=143690
UO027,1,3,Organizace pro bezpečnost a spolupráci v Evropě,J. Hájek,F,NA,22. – 23. 2. 2018,21. – 23. 2. 2018,Rakousko,,Vídeň,Zimní zasedání PS OBSE,"doprava, ubytování, stravné, pojištění",http://www.psp.cz/sqw/text/text2.sqw?idd=143690
UO027,1,3,Organizace pro bezpečnost a spolupráci v Evropě,P. Plzák,F,NA,22. – 23. 2. 2018,21. – 23. 2. 2018,Rakousko,,Vídeň,Zimní zasedání PS OBSE,"doprava, ubytování, stravné, pojištění",http://www.psp.cz/sqw/text/text2.sqw?idd=143690
UO027,1,3,Organizace pro bezpečnost a spolupráci v Evropě,Z. Ondráček,T,NA,22. – 23. 2. 2018,21. – 23. 2. 2018,Rakousko,,Vídeň,Zimní zasedání PS OBSE,"doprava, ubytování, stravné, pojištění",http://www.psp.cz/sqw/text/text2.sqw?idd=143690
UO027,1,4,Meziparlamentní unie,O. Polanský,F,NA,21. – 24. 2. 2018,20. – 25. 2. 2018,USA,,New York,pravidelné parlamentní slyšení při OSN,"doprava, ubytování, stravné, pojištění",http://www.psp.cz/sqw/text/text2.sqw?idd=143690
UO027,1,4,Meziparlamentní unie,Z. Majerová Zahradníková,F,NA,21. – 24. 2. 2018,20. – 25. 2. 2018,USA,,New York,pravidelné parlamentní slyšení při OSN,"doprava, ubytování, stravné, pojištění",http://www.psp.cz/sqw/text/text2.sqw?idd=143690
UO027,2,1,,R. Fiala,F,Hospodářský výbor,7. – 8.2. 2018,7. – 8.2. 2018,Maďarsko,V4,Budapešť,účast na setkání hospodářských výborů parlamentů členských zemí V4 pořádaném v rámci maďarského předsednictví V4 v Budapešti,"doprava, ubytování, stravné, pojištění",http://www.psp.cz/sqw/text/text2.sqw?idd=143690
UO027,2,1,,J. Bauer,F,Hospodářský výbor,7. – 8.2. 2018,7. – 8.2. 2018,Maďarsko,V4,Budapešť,účast na setkání hospodářských výborů parlamentů členských zemí V4 pořádaném v rámci maďarského předsednictví V4 v Budapešti,"doprava, ubytování, stravné, pojištění",http://www.psp.cz/sqw/text/text2.sqw?idd=143690
UO027,2,1,,M. Kolovratník,F,Hospodářský výbor,7. – 8.2. 2018,7. – 8.2. 2018,Maďarsko,V4,Budapešť,účast na setkání hospodářských výborů parlamentů členských zemí V4 pořádaném v rámci maďarského předsednictví V4 v Budapešti,"doprava, ubytování, stravné, pojištění",http://www.psp.cz/sqw/text/text2.sqw?idd=143690
UO027,2,1,,L. Luzar,F,Hospodářský výbor,7. – 8.2. 2018,7. – 8.2. 2018,Maďarsko,V4,Budapešť,účast na setkání hospodářských výborů parlamentů členských zemí V4 pořádaném v rámci maďarského předsednictví V4 v Budapešti,"doprava, ubytování, stravné, pojištění",http://www.psp.cz/sqw/text/text2.sqw?idd=143690
UO027,2,2,,L. Zaorálek,F,Zahraniční výbor,15. – 17.2. 2018,15. – 17.2. 2018,Bulharsko,EU,Sofie,účast na pravidelné meziparlamentní konferenci ke Společné zahraniční a bezpečnostní politice a Společné bezpečnostní a obranné politice pořádané v rámci bulharského předsednictví v Radě EU v Sofii,"doprava, ubytování, stravné, pojištění",http://www.psp.cz/sqw/text/text2.sqw?idd=143690
UO027,2,2,,J. Kubík,F,Zahraniční výbor,15. – 17.2. 2018,15. – 17.2. 2018,Bulharsko,EU,Sofie,účast na pravidelné meziparlamentní konferenci ke Společné zahraniční a bezpečnostní politice a Společné bezpečnostní a obranné politice pořádané v rámci bulharského předsednictví v Radě EU v Sofii,"doprava, ubytování, stravné, pojištění",http://www.psp.cz/sqw/text/text2.sqw?idd=143690
UO027,2,2,,J. Holík,T,Zahraniční výbor,15. – 17.2. 2018,15. – 17.2. 2018,Bulharsko,EU,Sofie,účast na pravidelné meziparlamentní konferenci ke Společné zahraniční a bezpečnostní politice a Společné bezpečnostní a obranné politice pořádané v rámci bulharského předsednictví v Radě EU v Sofii,"doprava, ubytování, stravné, pojištění",http://www.psp.cz/sqw/text/text2.sqw?idd=143690
UO027,2,2,,J. Lipavský,F,Výbor pro obranu,15. – 17.2. 2018,15. – 17.2. 2018,Bulharsko,EU,Sofie,účast na pravidelné meziparlamentní konferenci ke Společné zahraniční a bezpečnostní politice a Společné bezpečnostní a obranné politice pořádané v rámci bulharského předsednictví v Radě EU v Sofii,"doprava, ubytování, stravné, pojištění",http://www.psp.cz/sqw/text/text2.sqw?idd=143690
UO027,2,2,,P. Žáček,F,Výbor pro obranu,15. – 17.2. 2018,15. – 17.2. 2018,Bulharsko,EU,Sofie,účast na pravidelné meziparlamentní konferenci ke Společné zahraniční a bezpečnostní politice a Společné bezpečnostní a obranné politice pořádané v rámci bulharského předsednictví v Radě EU v Sofii,"doprava, ubytování, stravné, pojištění",http://www.psp.cz/sqw/text/text2.sqw?idd=143690
UO027,2,3,,J. Řehounek,F,Výbor pro obranu,21. – 22.2. 2018,21. – 22.2. 2018,Maďarsko,V4,Budapešť,účast na setkání výborů pro obranu parlamentů členských zemí V4 pořádaném v rámci maďarského předsednictví V4 v Budapešti,"doprava, ubytování, stravné, pojištění",http://www.psp.cz/sqw/text/text2.sqw?idd=143690
UO027,2,3,,R. Vích,F,Výbor pro obranu,21. – 22.2. 2018,21. – 22.2. 2018,Maďarsko,V4,Budapešť,účast na setkání výborů pro obranu parlamentů členských zemí V4 pořádaném v rámci maďarského předsednictví V4 v Budapešti,"doprava, ubytování, stravné, pojištění",http://www.psp.cz/sqw/text/text2.sqw?idd=143690
UO027,3,1,,R. Vondráček,F,předseda PS,29. – 31.1. 2018,29. – 31.1. 2018,Belgie,EU,Brusel,pracovní návštěva předsedy PS v Bruselu (setkání s představiteli Evropské komise a Evropského parlamentu),"místní doprava, ubytování, stravné, pojištění",http://www.psp.cz/sqw/text/text2.sqw?idd=143690
UO027,3,2,,R. Vondráček,F,předseda PS,5.2. 2018,5.2. 2018,Rakousko,,Vídeň,pracovní návštěva předsedy PS ve Vídni (setkání s předsedou Národní rady Parlamentu Rakouska W. Sobotkou),"stravné, pojištění",http://www.psp.cz/sqw/text/text2.sqw?idd=143690
UO027,4,1,,H. Langšádlová,F,Hospodářský výbor,7. – 9.2. 2018,7. – 9.2. 2018,Francie,OECD,Paříž,účast na 6. Parlamentních dnech OECD v Paříži,"doprava, ubytování, stravné, pojištění",http://www.psp.cz/sqw/text/text2.sqw?idd=143690
UO032,1,1,NATO,J. Hájek,F,NA,19. – 21.2. 2018,18. – 21.2. 2018,Belgie,,Brusel,"společné zasedání Politického výboru, Výboru pro obranu a bezpečnost a Výboru pro ekonomii a bezpečnost","doprava, ubytování, stravné, pojištění",http://www.psp.cz/sqw/text/text2.sqw?idd=143770
UO032,1,1,NATO,J. Bělica,F,NA,19. – 21.2. 2018,18. – 21.2. 2018,Belgie,,Brusel,"společné zasedání Politického výboru, Výboru pro obranu a bezpečnost a Výboru pro ekonomii a bezpečnost","doprava, ubytování, stravné, pojištění",http://www.psp.cz/sqw/text/text2.sqw?idd=143770
UO032,1,1,NATO,H. Langšádlová,F,NA,19. – 21.2. 2018,18. – 21.2. 2018,Belgie,,Brusel,"společné zasedání Politického výboru, Výboru pro obranu a bezpečnost a Výboru pro ekonomii a bezpečnost","doprava, ubytování, stravné, pojištění",http://www.psp.cz/sqw/text/text2.sqw?idd=143770
UO032,1,1,NATO,J. Lipavský,F,NA,19. – 21.2. 2018,18. – 21.2. 2018,Belgie,,Brusel,"společné zasedání Politického výboru, Výboru pro obranu a bezpečnost a Výboru pro ekonomii a bezpečnost","doprava, ubytování, stravné, pojištění",http://www.psp.cz/sqw/text/text2.sqw?idd=143770
UO032,1,2,Meziparlamentní unie,Jana Levová,F,NA,12. – 14. 3. 2018,11. – 16. 3. 2018,USA,,New York,parlamentní slyšení MPU u příležitosti 62. zasedání Komise OSN pro postavení žen,"doprava, ubytování, stravné, pojištění",http://www.psp.cz/sqw/text/text2.sqw?idd=143770
UO032,1,2,Meziparlamentní unie,Radka Maxová,F,NA,12. – 14. 3. 2018,11. – 16. 3. 2018,USA,,New York,parlamentní slyšení MPU u příležitosti 62. zasedání Komise OSN pro postavení žen,"doprava, ubytování, stravné, pojištění",http://www.psp.cz/sqw/text/text2.sqw?idd=143770
UO032,2,1,,J. Faltýnek,F,Zemědělský výbor,14. – 15.2. 2018,14. – 15.2. 2018,Maďarsko,V4,Budapešť,účast na setkání zemědělských výborů parlamentů členských zemí V4 pořádaném v rámci maďarského předsednictví V4 v Budapešti,"doprava, ubytování, stravné, pojištění",http://www.psp.cz/sqw/text/text2.sqw?idd=143770
UO032,2,1,,R. Holomčík,F,Zemědělský výbor,14. – 15.2. 2018,14. – 15.2. 2018,Maďarsko,V4,Budapešť,účast na setkání zemědělských výborů parlamentů členských zemí V4 pořádaném v rámci maďarského předsednictví V4 v Budapešti,"doprava, ubytování, stravné, pojištění",http://www.psp.cz/sqw/text/text2.sqw?idd=143770
UO032,2,1,,P. Kováčik,T,Zemědělský výbor,14. – 15.2. 2018,14. – 15.2. 2018,Maďarsko,V4,Budapešť,účast na setkání zemědělských výborů parlamentů členských zemí V4 pořádaném v rámci maďarského předsednictví V4 v Budapešti,"doprava, ubytování, stravné, pojištění",http://www.psp.cz/sqw/text/text2.sqw?idd=143770
UO032,2,2,, R. Maxová,F,předsedkyně Výboru pro sociální politiku,19. – 20.2. 2018,19. – 20.2. 2018,Belgie,EP,Brusel,"účast na pravidelné konferenci o evropském semestru a meziparlamentní konferenci o stabilitě, hospodářské koordinaci a správě v Evropské unii pořádané Národním shromážděním Bulharska a Evropským parlamentem v Bruselu","doprava, ubytování, stravné, pojištění",http://www.psp.cz/sqw/text/text2.sqw?idd=143770
UO032,2,2,,J. Skopeček,F,Rozpočtový výbor,19. – 20.2. 2018,19. – 20.2. 2018,Belgie,EP,Brusel,"účast na pravidelné konferenci o evropském semestru a meziparlamentní konferenci o stabilitě, hospodářské koordinaci a správě v Evropské unii pořádané Národním shromážděním Bulharska a Evropským parlamentem v Bruselu","doprava, ubytování, stravné, pojištění",http://www.psp.cz/sqw/text/text2.sqw?idd=143770
UO032,3,1,,R. Vondráček,F,předseda PS,5.2. 2018,5.2. 2018,Rakousko,,Vídeň,pracovní návštěva předsedy PS ve Vídni (setkání s předsedou Národní rady Parlamentu Rakouska) - cesta schválena usnesením ORGV č. 27 ze 17.1. 2018 – pouze doplnění nákladů o tlumočení,tlumočení,http://www.psp.cz/sqw/text/text2.sqw?idd=143770
UO032,3,1,,R. Vondráček,F,předseda PS,8. – 14.2. 2018,8. – 14.2. 2018,Korejská republika,,Pchjongčchang,účast předsedy PS na XXIII. zimních olympijských hrách v Pchjongčchangu (na pozvání předsedy Národního shromáždění Korejské republiky p. Chung Sye-kyuna a Českého olympijského výboru),"místní doprava, stravné, pojištění",http://www.psp.cz/sqw/text/text2.sqw?idd=143770
UO038,1,1,Rada Evropy,F. Kopřiva,F,NA,1. – 2. 3. 2018,28. 2. – 3. 3. 2018,Dánsko,,Kodaň,zasedání Výboru pro nediskriminaci a rovné příležitosti,"doprava, ubytování, stravné, pojištění",http://www.psp.cz/sqw/text/text2.sqw?idd=144085
UO038,1,2,Rada Evropy,M. Němcová,F,NA,12. – 16. 3. 2018,11. – 17. 3. 2018,Francie,,Paříž,"zasedání Výboru pro politické záležitosti a demokracii, Byra, Stálého výboru a Ad hoc výboru pro harmonizaci pravidel","doprava, ubytování, stravné, pojištění",http://www.psp.cz/sqw/text/text2.sqw?idd=144085
UO038,1,3,Rada Evropy,J. Kobza,F,NA,21. – 23. 3. 2018,20. – 24. 3. 2018,Jordánsko,,Ammán,"zasedání Výboru pro migraci, uprchlíky a vysídlené osoby","doprava, ubytování, stravné, pojištění",http://www.psp.cz/sqw/text/text2.sqw?idd=144085
UO038,1,4,NATO,J. Lipavský,F,NA,5. – 6. 3. 2018,4. – 6. 3. 2018,Ukrajina,,Oděsa,zasedání Podvýboru pro tranzici a rozvoj,"doprava, ubytování, stravné, pojištění",http://www.psp.cz/sqw/text/text2.sqw?idd=144085
UO038,1,5,NATO,J. Hájek,F,NA,13. – 15. 3. 2018,12. – 16. 3. 2018,Katar,,Dauhá,zasedání Zvláštní skupiny pro Středomoří a Blízký východ,"doprava, ubytování, stravné, pojištění",http://www.psp.cz/sqw/text/text2.sqw?idd=144085
UO038,1,5,NATO,J. Farský,F,NA,13. – 15. 3. 2018,12. – 16. 3. 2018,Katar,,Dauhá,zasedání Zvláštní skupiny pro Středomoří a Blízký východ,"doprava, ubytování, stravné, pojištění",http://www.psp.cz/sqw/text/text2.sqw?idd=144085
UO038,1,6,Organizace pro bezpečnost a spolupráci v Evropě,J. Bauer,F,NA,2. – 5. 3. 2018,1. – 5. 3. 2018,Itálie,,Řím,"monitorovací mise PS OBSE na parlamentní volby (Řím, Palermo)","doprava, ubytování, stravné, místní doprava, pojištění, tlumočení",http://www.psp.cz/sqw/text/text2.sqw?idd=144085
UO038,1,6,Organizace pro bezpečnost a spolupráci v Evropě,P. Plzák,F,NA,2. – 5. 3. 2018,1. – 5. 3. 2018,Itálie,,Řím,"monitorovací mise PS OBSE na parlamentní volby (Řím, Palermo)","doprava, ubytování, stravné, místní doprava, pojištění, tlumočení",http://www.psp.cz/sqw/text/text2.sqw?idd=144085
UO038,1,7,Organizace pro bezpečnost a spolupráci v Evropě,K. Maříková,F,NA,16. – 18. 3. 2018,15. – 19. 3. 2018,Ruská federace,,Moskva,"monitorovací mise PS OBSE na prezidentské volby (Moskva, Petrohrad)","doprava, ubytování, stravné, místní doprava, pojištění, tlumočení",http://www.psp.cz/sqw/text/text2.sqw?idd=144085
UO038,1,7,Organizace pro bezpečnost a spolupráci v Evropě,J. Bauer,F,NA,16. – 18. 3. 2018,15. – 19. 3. 2018,Ruská federace,,Moskva,"monitorovací mise PS OBSE na prezidentské volby (Moskva, Petrohrad)","doprava, ubytování, stravné, místní doprava, pojištění, tlumočení",http://www.psp.cz/sqw/text/text2.sqw?idd=144085
UO038,1,7,Organizace pro bezpečnost a spolupráci v Evropě,J. Hájek,F,NA,16. – 18. 3. 2018,15. – 19. 3. 2018,Ruská federace,,Moskva,"monitorovací mise PS OBSE na prezidentské volby (Moskva, Petrohrad)","doprava, ubytování, stravné, místní doprava, pojištění, tlumočení",http://www.psp.cz/sqw/text/text2.sqw?idd=144085
UO038,1,7,Organizace pro bezpečnost a spolupráci v Evropě,Z. Ondráček,F,NA,16. – 18. 3. 2018,15. – 19. 3. 2018,Ruská federace,,Moskva,"monitorovací mise PS OBSE na prezidentské volby (Moskva, Petrohrad)","doprava, ubytování, stravné, místní doprava, pojištění, tlumočení",http://www.psp.cz/sqw/text/text2.sqw?idd=144085
UO038,1,8,Meziparlamentní unie,O. Polanský,F,NA,23. – 28. 3. 2018,23. – 28. 3. 2018,Švýcarsko,,Ženeva,138. Shromáždění MPU,"doprava, ubytování, stravné, pojištění",http://www.psp.cz/sqw/text/text2.sqw?idd=144085
UO038,1,8,Meziparlamentní unie,Z. Majerová Zahradníková,F,NA,23. – 28. 3. 2018,23. – 28. 3. 2018,Švýcarsko,,Ženeva,138. Shromáždění MPU,"doprava, ubytování, stravné, pojištění",http://www.psp.cz/sqw/text/text2.sqw?idd=144085
UO038,2,1,,R. Vondráček,F,předseda PS,1. – 2. 3. 2018,1. – 2. 3. 2018,Maďarsko,V4,Budapešť,společné zasedání předsedů parlamentů členských států Visegrádské skupiny v Budapešti,"ubytování, stravné, pojištění",http://www.psp.cz/sqw/text/text2.sqw?idd=144085
UO038,2,1,,O. Benešík,F,předseda Výboru pro evropské záležitosti,1. – 2. 3. 2018,1. – 2. 3. 2018,Maďarsko,V4,Budapešť,společné zasedání předsedů parlamentů členských států Visegrádské skupiny v Budapešti,"ubytování, stravné, pojištění",http://www.psp.cz/sqw/text/text2.sqw?idd=144085
UO038,3,1,,R. Vondráček,F,předseda PS,28. 2. 2018,28. 2. 2018,Německo,,Berlín,pracovní návštěva předsedy PS v Berlíně (setkání s předsedou Spolkového sněmu SRN W. Schäublem),"stravné, pojištění",http://www.psp.cz/sqw/text/text2.sqw?idd=144085
UO038,4,1,,V. Pikal,F,místopředseda PS,2.3. 2018,1. – 2.3. 2018,Moldavsko,,Kišiněv,"účast na meziparlamentní konferenci „Gruzie, Moldavsko a Ukrajina: Východní partnerství a současné bezpečnostní výzvy“ pořádané moldavským parlamentem v Kišiněvě (na základě společného pozvání od předsedů parlamentů Moldavska, Gruzie a Ukrajiny)","doprava, ubytování, stravné, pojištění",http://www.psp.cz/sqw/text/text2.sqw?idd=144085
UO042,1,1,Rada Evropy,M. Němcová,F,NA,22. 3. 2018,21. – 23. 3. 2018,Francie,,Paříž,"zasedání Výboru pro kulturu, vědu, vzdělání a média","doprava, ubytování, stravné, pojištění",http://www.psp.cz/sqw/text/text2.sqw?idd=144202
UO042,1,2,NATO,J. Hájek,F,NA,23. – 24. 3. 2018,23. – 25. 3. 2018,Litva,,Vilnius,zasedání Stálého výboru,"doprava, ubytování, stravné, pojištění",http://www.psp.cz/sqw/text/text2.sqw?idd=144202
UO042,1,2,Meziparlamentní unie,J. Levová,F,NA,23. – 28. 3. 2018,23. – 28. 3. 2018,Švýcarsko,,Ženeva,138. Shromáždění MPU,"doprava, ubytování, stravné, pojištění",http://www.psp.cz/sqw/text/text2.sqw?idd=144202
UO042,2,1,,F. Kopřiva,F,Výbor pro evropské záležitosti,8.3.2018,7. – 8. 3. 2018,Belgie,EP,Brusel,účast na meziparlamentním výborovém setkání pořádaném Výborem pro práva žen a rovnost pohlaví (FEMM) Evropského parlamentu k tématu „Posílení postavení žen a dívek v oblasti médií a komunikačních technologií“ v Bruselu,"doprava, ubytování, stravné, pojištění",http://www.psp.cz/sqw/text/text2.sqw?idd=144202
UO042,2,1,,J. Valenta,T,Výbor pro evropské záležitosti,8.3.2018,7. – 8. 3. 2018,Belgie,EP,Brusel,účast na meziparlamentním výborovém setkání pořádaném Výborem pro práva žen a rovnost pohlaví (FEMM) Evropského parlamentu k tématu „Posílení postavení žen a dívek v oblasti médií a komunikačních technologií“ v Bruselu,"doprava, ubytování, stravné, pojištění",http://www.psp.cz/sqw/text/text2.sqw?idd=144202
UO042,2,2,,J. Bžoch,F,Výbor pro evropské záležitosti,18. – 19.3. 2018,18. – 20.3. 2018,Bulharsko,EU,Sofie,účast na zasedání Skupiny pro společnou parlamentní kontrolu Europolu (JPSG) pořádaném v rámci bulharského předsednictví v Radě EU v Sofii,"doprava, ubytování, stravné, pojištění",http://www.psp.cz/sqw/text/text2.sqw?idd=144202
UO042,2,2,,J. Valenta,F,Výbor pro evropské záležitosti,18. – 19.3. 2018,18. – 20.3. 2018,Bulharsko,EU,Sofie,účast na zasedání Skupiny pro společnou parlamentní kontrolu Europolu (JPSG) pořádaném v rámci bulharského předsednictví v Radě EU v Sofii,"doprava, ubytování, stravné, pojištění",http://www.psp.cz/sqw/text/text2.sqw?idd=144202
UO042,2,2,,P. Mališ,T,Výbor pro evropské záležitosti,18. – 19.3. 2018,18. – 20.3. 2018,Bulharsko,EU,Sofie,účast na zasedání Skupiny pro společnou parlamentní kontrolu Europolu (JPSG) pořádaném v rámci bulharského předsednictví v Radě EU v Sofii,"doprava, ubytování, stravné, pojištění",http://www.psp.cz/sqw/text/text2.sqw?idd=144202
UO042,2,2,,J. Skopeček,T,Výbor pro evropské záležitosti,18. – 19.3. 2018,18. – 20.3. 2018,Bulharsko,EU,Sofie,účast na zasedání Skupiny pro společnou parlamentní kontrolu Europolu (JPSG) pořádaném v rámci bulharského předsednictví v Radě EU v Sofii,"doprava, ubytování, stravné, pojištění",http://www.psp.cz/sqw/text/text2.sqw?idd=144202
UO042,3,1,,L. Zaorálek,F,Zahraniční výbor,26. – 29. 3. 2018,26. – 29. 3. 2018,Švédsko,,Stockholm,"jednání s partnerským výborem a dalšími institucemi - záměr vyslání schválen ORGV 24. 1. 2018, usn. č. 33","doprava, ubytování, stravné, pojištění, tlumočení",http://www.psp.cz/sqw/text/text2.sqw?idd=144202
UO042,3,1,,R. Králíček,F,Zahraniční výbor,26. – 29. 3. 2018,26. – 29. 3. 2018,Švédsko,,Stockholm,"jednání s partnerským výborem a dalšími institucemi - záměr vyslání schválen ORGV 24. 1. 2018, usn. č. 33","doprava, ubytování, stravné, pojištění, tlumočení",http://www.psp.cz/sqw/text/text2.sqw?idd=144202
UO042,3,1,,M. Peksa,F,Zahraniční výbor,26. – 29. 3. 2018,26. – 29. 3. 2018,Švédsko,,Stockholm,"jednání s partnerským výborem a dalšími institucemi - záměr vyslání schválen ORGV 24. 1. 2018, usn. č. 33","doprava, ubytování, stravné, pojištění, tlumočení",http://www.psp.cz/sqw/text/text2.sqw?idd=144202
UO042,3,1,,K. Schwarzenberg,F,Zahraniční výbor,26. – 29. 3. 2018,26. – 29. 3. 2018,Švédsko,,Stockholm,"jednání s partnerským výborem a dalšími institucemi - záměr vyslání schválen ORGV 24. 1. 2018, usn. č. 33","doprava, ubytování, stravné, pojištění, tlumočení",http://www.psp.cz/sqw/text/text2.sqw?idd=144202
UO042,3,1,,J. Strýček,T,Zahraniční výbor,26. – 29. 3. 2018,26. – 29. 3. 2018,Švédsko,,Stockholm,"jednání s partnerským výborem a dalšími institucemi - záměr vyslání schválen ORGV 24. 1. 2018, usn. č. 33","doprava, ubytování, stravné, pojištění, tlumočení",http://www.psp.cz/sqw/text/text2.sqw?idd=144202
UO046,1,1,Organizace pro bezpečnost a spolupráci v Evropě,K. Maříková,F,NA,8. – 12. 4. 2018,7. – 13. 4. 2018,Ázerbájdžán,,Baku,monitorovací mise PS OBSE na prezidentské volby,"doprava, místní doprava, ubytování, stravné, pojištění, tlumočení",http://www.psp.cz/sqw/text/text2.sqw?idd=144305
UO046,1,1,Organizace pro bezpečnost a spolupráci v Evropě,Z. Ondráček,F,NA,8. – 12. 4. 2018,7. – 13. 4. 2018,Ázerbájdžán,,Baku,monitorovací mise PS OBSE na prezidentské volby,"doprava, místní doprava, ubytování, stravné, pojištění, tlumočení",http://www.psp.cz/sqw/text/text2.sqw?idd=144305
UO046,1,1,Organizace pro bezpečnost a spolupráci v Evropě,P. Plzák,F,NA,8. – 12. 4. 2018,7. – 13. 4. 2018,Ázerbájdžán,,Baku,monitorovací mise PS OBSE na prezidentské volby,"doprava, místní doprava, ubytování, stravné, pojištění, tlumočení",http://www.psp.cz/sqw/text/text2.sqw?idd=144305
UO046,3,1,,J. Hamáček,F,1. místopředseda PS,17. – 18. 4. 2018,17. – 18. 4. 2018,Rumunsko,,Bukurešť,účast na Parlamentním summitu skupiny B9 v Bukurešti (v zastoupení předsedy PS),"doprava, stravné, pojištění",http://www.psp.cz/sqw/text/text2.sqw?idd=144305
UO046,3,2,,S. Grospič,F,Mandátový a imunitní výbor,17. – 19. 4. 2018,17. – 19. 4. 2018,Slovensko,,Bratislava,"jednání s partnerským výborem a představiteli dalších institucí - záměr vyslání schválen ORGV 24. 1. 2018, usn. č. 33","doprava, ubytování, stravné, pojištění",http://www.psp.cz/sqw/text/text2.sqw?idd=144305
UO046,3,2,,M. Bendar,F,Mandátový a imunitní výbor,17. – 19. 4. 2018,17. – 19. 4. 2018,Slovensko,,Bratislava,"jednání s partnerským výborem a představiteli dalších institucí - záměr vyslání schválen ORGV 24. 1. 2018, usn. č. 33","doprava, ubytování, stravné, pojištění",http://www.psp.cz/sqw/text/text2.sqw?idd=144305
UO046,3,2,,R. Rozvoral,F,Mandátový a imunitní výbor,17. – 19. 4. 2018,17. – 19. 4. 2018,Slovensko,,Bratislava,"jednání s partnerským výborem a představiteli dalších institucí - záměr vyslání schválen ORGV 24. 1. 2018, usn. č. 33","doprava, ubytování, stravné, pojištění",http://www.psp.cz/sqw/text/text2.sqw?idd=144305
UO046,3,2,,M. Výborný,F,Mandátový a imunitní výbor,17. – 19. 4. 2018,17. – 19. 4. 2018,Slovensko,,Bratislava,"jednání s partnerským výborem a představiteli dalších institucí - záměr vyslání schválen ORGV 24. 1. 2018, usn. č. 33","doprava, ubytování, stravné, pojištění",http://www.psp.cz/sqw/text/text2.sqw?idd=144305
UO046,3,2,,M. Rozner,T,Mandátový a imunitní výbor,17. – 19. 4. 2018,17. – 19. 4. 2018,Slovensko,,Bratislava,"jednání s partnerským výborem a představiteli dalších institucí - záměr vyslání schválen ORGV 24. 1. 2018, usn. č. 33","doprava, ubytování, stravné, pojištění",http://www.psp.cz/sqw/text/text2.sqw?idd=144305
UO046,3,3,,A. Babišová,F,Výbor pro sociální politiku,23. – 25. 4. 2018,23. – 25. 4. 2018,Švýcarsko,,Ženeva,"jednání s představiteli mezinárodních instituci v Ženevě - záměr vyslání schválen ORGV 24. 1. 2018, usn. č. 33","doprava, místní doprava, ubytování, stravné, pojištění, tlumočení",http://www.psp.cz/sqw/text/text2.sqw?idd=144305
UO046,3,3,,A. Gajdůšková,F,Výbor pro sociální politiku,23. – 25. 4. 2018,23. – 25. 4. 2018,Švýcarsko,,Ženeva,"jednání s představiteli mezinárodních instituci v Ženevě - záměr vyslání schválen ORGV 24. 1. 2018, usn. č. 33","doprava, místní doprava, ubytování, stravné, pojištění, tlumočení",http://www.psp.cz/sqw/text/text2.sqw?idd=144305
UO046,3,3,,L. Kolářík,F,Výbor pro sociální politiku,23. – 25. 4. 2018,23. – 25. 4. 2018,Švýcarsko,,Ženeva,"jednání s představiteli mezinárodních instituci v Ženevě - záměr vyslání schválen ORGV 24. 1. 2018, usn. č. 33","doprava, místní doprava, ubytování, stravné, pojištění, tlumočení",http://www.psp.cz/sqw/text/text2.sqw?idd=144305
UO046,3,3,,V. Vrecionová,F,Výbor pro sociální politiku,23. – 25. 4. 2018,23. – 25. 4. 2018,Švýcarsko,,Ženeva,"jednání s představiteli mezinárodních instituci v Ženevě - záměr vyslání schválen ORGV 24. 1. 2018, usn. č. 33","doprava, místní doprava, ubytování, stravné, pojištění, tlumočení",http://www.psp.cz/sqw/text/text2.sqw?idd=144305
UO046,3,3,,J. Bauer,T,Výbor pro sociální politiku,23. – 25. 4. 2018,23. – 25. 4. 2018,Švýcarsko,,Ženeva,"jednání s představiteli mezinárodních instituci v Ženevě - záměr vyslání schválen ORGV 24. 1. 2018, usn. č. 33","doprava, místní doprava, ubytování, stravné, pojištění, tlumočení",http://www.psp.cz/sqw/text/text2.sqw?idd=144305
UO051,1,1,Rada Evropy,M. Němcová,F,NA,23. – 27. 4. 2018,22. – 27. 4. 2018,Francie,,Štrasburk,2. část plenárního zasedání PS RE,"doprava, ubytování, stravné, pojištění, příspěvek na recepci pořádanou v rámci setkání V4 ve výši 200 EUR",http://www.psp.cz/sqw/text/text2.sqw?idd=144628
UO051,1,1,Rada Evropy,O. Benešík,F,NA,23. – 27. 4. 2018,22. – 27. 4. 2018,Francie,,Štrasburk,2. část plenárního zasedání PS RE,"doprava, ubytování, stravné, pojištění, příspěvek na recepci pořádanou v rámci setkání V4 ve výši 200 EUR",http://www.psp.cz/sqw/text/text2.sqw?idd=144628
UO051,1,1,Rada Evropy,J. Bžoch,F,NA,23. – 27. 4. 2018,22. – 27. 4. 2018,Francie,,Štrasburk,2. část plenárního zasedání PS RE,"doprava, ubytování, stravné, pojištění, příspěvek na recepci pořádanou v rámci setkání V4 ve výši 200 EUR",http://www.psp.cz/sqw/text/text2.sqw?idd=144628
UO051,1,1,Rada Evropy,T. Hanzel,F,NA,23. – 27. 4. 2018,22. – 27. 4. 2018,Francie,,Štrasburk,2. část plenárního zasedání PS RE,"doprava, ubytování, stravné, pojištění, příspěvek na recepci pořádanou v rámci setkání V4 ve výši 200 EUR",http://www.psp.cz/sqw/text/text2.sqw?idd=144628
UO051,1,1,Rada Evropy,F. Kopřiva,F,NA,23. – 27. 4. 2018,22. – 27. 4. 2018,Francie,,Štrasburk,2. část plenárního zasedání PS RE,"doprava, ubytování, stravné, pojištění, příspěvek na recepci pořádanou v rámci setkání V4 ve výši 200 EUR",http://www.psp.cz/sqw/text/text2.sqw?idd=144628
UO051,1,1,Rada Evropy,J. Kytýr,F,NA,23. – 27. 4. 2018,22. – 27. 4. 2018,Francie,,Štrasburk,2. část plenárního zasedání PS RE,"doprava, ubytování, stravné, pojištění, příspěvek na recepci pořádanou v rámci setkání V4 ve výši 200 EUR",http://www.psp.cz/sqw/text/text2.sqw?idd=144628
UO051,1,1,Rada Evropy,J. Kobza,F,NA,23. – 27. 4. 2018,22. – 27. 4. 2018,Francie,,Štrasburk,2. část plenárního zasedání PS RE,"doprava, ubytování, stravné, pojištění, příspěvek na recepci pořádanou v rámci setkání V4 ve výši 200 EUR",http://www.psp.cz/sqw/text/text2.sqw?idd=144628
UO051,1,1,Rada Evropy,P. Staněk,F,NA,23. – 27. 4. 2018,22. – 27. 4. 2018,Francie,,Štrasburk,2. část plenárního zasedání PS RE,"doprava, ubytování, stravné, pojištění, příspěvek na recepci pořádanou v rámci setkání V4 ve výši 200 EUR",http://www.psp.cz/sqw/text/text2.sqw?idd=144628
UO051,1,1,Rada Evropy,J. Strýček,F,NA,23. – 27. 4. 2018,22. – 27. 4. 2018,Francie,,Štrasburk,2. část plenárního zasedání PS RE,"doprava, ubytování, stravné, pojištění, příspěvek na recepci pořádanou v rámci setkání V4 ve výši 200 EUR",http://www.psp.cz/sqw/text/text2.sqw?idd=144628
UO051,1,1,Rada Evropy,J. Valenta,F,NA,23. – 27. 4. 2018,22. – 27. 4. 2018,Francie,,Štrasburk,2. část plenárního zasedání PS RE,"doprava, ubytování, stravné, pojištění, příspěvek na recepci pořádanou v rámci setkání V4 ve výši 200 EUR",http://www.psp.cz/sqw/text/text2.sqw?idd=144628
UO051,1,2,NATO,J. Hamáček,F,NA,23. – 25. 4. 2018,22. – 26. 4. 2018,Gruzie,,Batumi,97. Rose-Rothův seminář PS NATO,"doprava, ubytování, stravné, pojištění",http://www.psp.cz/sqw/text/text2.sqw?idd=144628
UO051,1,2,NATO,R. Králíček,F,NA,23. – 25. 4. 2018,22. – 26. 4. 2018,Gruzie,,Batumi,97. Rose-Rothův seminář PS NATO,"doprava, ubytování, stravné, pojištění",http://www.psp.cz/sqw/text/text2.sqw?idd=144628
UO051,1,2,NATO,H. Langšádlová,F,NA,23. – 25. 4. 2018,22. – 26. 4. 2018,Gruzie,,Batumi,97. Rose-Rothův seminář PS NATO,"doprava, ubytování, stravné, pojištění",http://www.psp.cz/sqw/text/text2.sqw?idd=144628
UO051,1,2,NATO,J. Řehounek,F,NA,23. – 25. 4. 2018,22. – 26. 4. 2018,Gruzie,,Batumi,97. Rose-Rothův seminář PS NATO,"doprava, ubytování, stravné, pojištění",http://www.psp.cz/sqw/text/text2.sqw?idd=144628
UO051,1,2,NATO,P. Žáček,F,NA,23. – 25. 4. 2018,22. – 26. 4. 2018,Gruzie,,Batumi,97. Rose-Rothův seminář PS NATO,"doprava, ubytování, stravné, pojištění",http://www.psp.cz/sqw/text/text2.sqw?idd=144628
UO051,1,3,Organizace pro bezpečnost a spolupráci v Evropě,J. Hájek,F,NA,8. – 12. 4. 2018,7. – 13. 4. 2018,Ázerbájdžán,,Baku,monitorovací mise PS OBSE na prezidentské volby,"doprava, místní doprava, ubytování, stravné, pojištění, tlumočení",http://www.psp.cz/sqw/text/text2.sqw?idd=144628
UO051,1,4,Organizace pro bezpečnost a spolupráci v Evropě,K. Maříková,F,NA,7. – 11. 7. 2018,6. – 11. 7. 2018,Německo,,Berlín,27. výroční zasedání PS OBSE,"doprava, ubytování, stravné, pojištění",http://www.psp.cz/sqw/text/text2.sqw?idd=144628
UO051,1,4,Organizace pro bezpečnost a spolupráci v Evropě,J. Bauer,F,NA,7. – 11. 7. 2018,6. – 11. 7. 2018,Německo,,Berlín,27. výroční zasedání PS OBSE,"doprava, ubytování, stravné, pojištění",http://www.psp.cz/sqw/text/text2.sqw?idd=144628
UO051,1,4,Organizace pro bezpečnost a spolupráci v Evropě,J. Hájek,F,NA,7. – 11. 7. 2018,6. – 11. 7. 2018,Německo,,Berlín,27. výroční zasedání PS OBSE,"doprava, ubytování, stravné, pojištění",http://www.psp.cz/sqw/text/text2.sqw?idd=144628
UO051,1,4,Organizace pro bezpečnost a spolupráci v Evropě,P. Plzák,F,NA,7. – 11. 7. 2018,6. – 11. 7. 2018,Německo,,Berlín,27. výroční zasedání PS OBSE,"doprava, ubytování, stravné, pojištění",http://www.psp.cz/sqw/text/text2.sqw?idd=144628
UO051,1,4,Organizace pro bezpečnost a spolupráci v Evropě,Z. Ondráček,T,NA,7. – 11. 7. 2018,6. – 11. 7. 2018,Německo,,Berlín,27. výroční zasedání PS OBSE,"doprava, ubytování, stravné, pojištění",http://www.psp.cz/sqw/text/text2.sqw?idd=144628
UO051,4,1,,J. Skopeček,F,Rozpočtový výbor,16. – 17. 4. 2018,15. – 18. 4. 2018,USA,"Světová banka, MMF",Washington,účast na Globální parlamentní konferenci a Parlamentním summitu na podporu tvorby pracovních míst pro mladé pořádaných Parlamentní sítí Světové banky a Mezinárodního měnového fondu ve Washingtonu,"doprava, ubytování, stravné, pojištění",http://www.psp.cz/sqw/text/text2.sqw?idd=144628
UO056,1,1,NATO,J. Bělica,F,NA,16. – 19. 4. 2018,15. – 19. 4. 2018,Bosna a Hercegovina,,Sarajevo,"zasedání Podvýboru pro budoucí obranné a bezpečnostní schopnosti Bosna a Hercegovina, Sarajevo, Srbsko, Bělehrad","doprava, ubytování, stravné, pojištění",http://www.psp.cz/sqw/text/text2.sqw?idd=144804
UO056,1,2,NATO,R. Králíček,F,NA,7. – 9. 5. 2018,6. – 10. 5. 2018,Norsko,,Oslo,"zasedání Podvýboru pro demokratické vládnutí a Podvýboru pro technologické trendy a bezpečnost Oslo, Bodø, Evenes","doprava, ubytování, stravné, pojištění",http://www.psp.cz/sqw/text/text2.sqw?idd=144804
UO056,1,2,NATO,H. Langšádlová,F,NA,7. – 9. 5. 2018,6. – 10. 5. 2018,Norsko,,Oslo,"zasedání Podvýboru pro demokratické vládnutí a Podvýboru pro technologické trendy a bezpečnost Oslo, Bodø, Evenes","doprava, ubytování, stravné, pojištění",http://www.psp.cz/sqw/text/text2.sqw?idd=144804
UO056,1,3,Organizace pro bezpečnost a spolupráci v Evropě,J. Bauer,F,NA,8. 5. 2018,7. – 9. 5. 2018,Portugalsko,,Lisabon,účast na parlamentní konferenci na téma kybernetické bezpečnosti pořádané PS OBSE,"doprava, ubytování, stravné, pojištění",http://www.psp.cz/sqw/text/text2.sqw?idd=144804
UO056,1,4,Meziparlamentní unie,M. Oborná,F,NA,24. – 25. 5. 2018,23. – 26. 5. 2018,Srbsko,,Bělehrad,účast na regionálním parlamentním semináři MPU k parlamentní spolupráci v oblasti boje s chudobou a podpory zdravotní péče,"doprava, ubytování, stravné, pojištění",http://www.psp.cz/sqw/text/text2.sqw?idd=144804
UO056,1,4,Meziparlamentní unie,J. Pastuchová,F,NA,24. – 25. 5. 2018,23. – 26. 5. 2018,Srbsko,,Bělehrad,účast na regionálním parlamentním semináři MPU k parlamentní spolupráci v oblasti boje s chudobou a podpory zdravotní péče,"doprava, ubytování, stravné, pojištění",http://www.psp.cz/sqw/text/text2.sqw?idd=144804
UO056,1,5,Středoevropská iniciativa,J. Kubík,F,NA,13. – 14. 5. 2018,12. – 15. 5. 2018,Chorvatsko,,Záhřeb,zasedání Parlamentního výboru PD SEI,"doprava, ubytování, stravné, pojištění",http://www.psp.cz/sqw/text/text2.sqw?idd=144804
UO056,2,1,,J. Faltýnek,F,Zemědělský výbor,24. 4. 2018,24. 4. 2018,Belgie,EP,Brusel,účast na meziparlamentním setkání k tématu „Společná zemědělská politika EU po roce 2020“ pořádaném Výborem pro zemědělství a rozvoj venkova (AGRI) Evropského parlamentu,"doprava, ubytování, stravné, pojištění",http://www.psp.cz/sqw/text/text2.sqw?idd=144804
UO056,2,1,,M. Jurečka,F,Zemědělský výbor,24. 4. 2018,24. 4. 2018,Belgie,EP,Brusel,účast na meziparlamentním setkání k tématu „Společná zemědělská politika EU po roce 2020“ pořádaném Výborem pro zemědělství a rozvoj venkova (AGRI) Evropského parlamentu,"doprava, ubytování, stravné, pojištění",http://www.psp.cz/sqw/text/text2.sqw?idd=144804
UO061,1,1,NATO,J. Hájek,F,NA,25. – 28. 5. 2018,25. – 28. 5. 2018,Polsko,,Varšava,Jarní zasedání PS NATO,"doprava, ubytování, stravné, pojištění",http://www.psp.cz/sqw/text/text2.sqw?idd=145031
UO061,1,1,NATO,J. Bělica,F,NA,25. – 28. 5. 2018,25. – 28. 5. 2018,Polsko,,Varšava,Jarní zasedání PS NATO,"doprava, ubytování, stravné, pojištění",http://www.psp.cz/sqw/text/text2.sqw?idd=145031
UO061,1,1,NATO,J. Farský,F,NA,25. – 28. 5. 2018,25. – 28. 5. 2018,Polsko,,Varšava,Jarní zasedání PS NATO,"doprava, ubytování, stravné, pojištění",http://www.psp.cz/sqw/text/text2.sqw?idd=145031
UO061,1,1,NATO,J. Hamáček,F,NA,25. – 28. 5. 2018,25. – 28. 5. 2018,Polsko,,Varšava,Jarní zasedání PS NATO,"doprava, ubytování, stravné, pojištění",http://www.psp.cz/sqw/text/text2.sqw?idd=145031
UO061,1,1,NATO,J. Lipavský,F,NA,25. – 28. 5. 2018,25. – 28. 5. 2018,Polsko,,Varšava,Jarní zasedání PS NATO,"doprava, ubytování, stravné, pojištění",http://www.psp.cz/sqw/text/text2.sqw?idd=145031
UO061,2,1,,R. Vondráček,F,předseda PS,23. – 24. 4. 2018,23. – 24. 4. 2018,Estonsko,EU,Talin,účast na konferenci předsedů parlamentů členských zemí EU v Tallinnu,"místní doprava, ubytování, stravné, pojištění",http://www.psp.cz/sqw/text/text2.sqw?idd=145031
UO061,2,2,,J. Bauer,F,Hospodářský výbor,13. – 14. 5. 2018,13. – 15. 5. 2018,Bulharsko,EU,Sofie,účast na meziparlamentním setkání předsedů hospodářských výborů k tématu energetiky pořádaném v rámci předsednictví Bulharska v Radě EU v Sofii,"doprava, ubytování, stravné, pojištění",http://www.psp.cz/sqw/text/text2.sqw?idd=145031
UO061,2,2,,P. Pustějovský,F,Hospodářský výbor,13. – 14. 5. 2018,13. – 15. 5. 2018,Bulharsko,EU,Sofie,účast na meziparlamentním setkání předsedů hospodářských výborů k tématu energetiky pořádaném v rámci předsednictví Bulharska v Radě EU v Sofii,"doprava, ubytování, stravné, pojištění",http://www.psp.cz/sqw/text/text2.sqw?idd=145031
UO061,2,2,,O. Polanský,T,Hospodářský výbor,13. – 14. 5. 2018,13. – 15. 5. 2018,Bulharsko,EU,Sofie,účast na meziparlamentním setkání předsedů hospodářských výborů k tématu energetiky pořádaném v rámci předsednictví Bulharska v Radě EU v Sofii,"doprava, ubytování, stravné, pojištění",http://www.psp.cz/sqw/text/text2.sqw?idd=145031
UO061,3,1,, R. Vondráček,F,předseda PS,14. – 18. 5. 2018,13. – 18. 5. 2018,Japonsko,,Tokyo,"jednání s partnerským výborem a představiteli dalších institucí - záměr vyslání schválen ORGV 24. 1. 2018, usn. č. 33","doprava, místní doprava, ubytování, stravné, pojištění, tlumočení",http://www.psp.cz/sqw/text/text2.sqw?idd=145031
UO061,3,1,,J. Černochová,F,Výbor pro obranu,14. – 18. 5. 2018,13. – 18. 5. 2018,Japonsko,,Tokyo,"jednání s partnerským výborem a představiteli dalších institucí - záměr vyslání schválen ORGV 24. 1. 2018, usn. č. 33","doprava, místní doprava, ubytování, stravné, pojištění, tlumočení",http://www.psp.cz/sqw/text/text2.sqw?idd=145031
UO061,3,1,,J. Bartošek,F,Výbor pro obranu,14. – 18. 5. 2018,13. – 18. 5. 2018,Japonsko,,Tokyo,"jednání s partnerským výborem a představiteli dalších institucí - záměr vyslání schválen ORGV 24. 1. 2018, usn. č. 33","doprava, místní doprava, ubytování, stravné, pojištění, tlumočení",http://www.psp.cz/sqw/text/text2.sqw?idd=145031
UO061,3,1,,A. Černý,F,Výbor pro obranu,14. – 18. 5. 2018,13. – 18. 5. 2018,Japonsko,,Tokyo,"jednání s partnerským výborem a představiteli dalších institucí - záměr vyslání schválen ORGV 24. 1. 2018, usn. č. 33","doprava, místní doprava, ubytování, stravné, pojištění, tlumočení",http://www.psp.cz/sqw/text/text2.sqw?idd=145031
UO061,3,1,,J. Hájek,F,Výbor pro obranu,14. – 18. 5. 2018,13. – 18. 5. 2018,Japonsko,,Tokyo,"jednání s partnerským výborem a představiteli dalších institucí - záměr vyslání schválen ORGV 24. 1. 2018, usn. č. 33","doprava, místní doprava, ubytování, stravné, pojištění, tlumočení",http://www.psp.cz/sqw/text/text2.sqw?idd=145031
UO061,3,1,,J. Bělica,T,Výbor pro obranu,14. – 18. 5. 2018,13. – 18. 5. 2018,Japonsko,,Tokyo,"jednání s partnerským výborem a představiteli dalších institucí - záměr vyslání schválen ORGV 24. 1. 2018, usn. č. 33","doprava, místní doprava, ubytování, stravné, pojištění, tlumočení",http://www.psp.cz/sqw/text/text2.sqw?idd=145031
UO061,3,1,,T. Hanzel,T,Výbor pro obranu,14. – 18. 5. 2018,13. – 18. 5. 2018,Japonsko,,Tokyo,"jednání s partnerským výborem a představiteli dalších institucí - záměr vyslání schválen ORGV 24. 1. 2018, usn. č. 33","doprava, místní doprava, ubytování, stravné, pojištění, tlumočení",http://www.psp.cz/sqw/text/text2.sqw?idd=145031
UO061,3,1,,K. Krejza,T,Výbor pro obranu,14. – 18. 5. 2018,13. – 18. 5. 2018,Japonsko,,Tokyo,"jednání s partnerským výborem a představiteli dalších institucí - záměr vyslání schválen ORGV 24. 1. 2018, usn. č. 33","doprava, místní doprava, ubytování, stravné, pojištění, tlumočení",http://www.psp.cz/sqw/text/text2.sqw?idd=145031
UO061,3,1,,R. Vích,T,Výbor pro obranu,14. – 18. 5. 2018,13. – 18. 5. 2018,Japonsko,,Tokyo,"jednání s partnerským výborem a představiteli dalších institucí - záměr vyslání schválen ORGV 24. 1. 2018, usn. č. 33","doprava, místní doprava, ubytování, stravné, pojištění, tlumočení",http://www.psp.cz/sqw/text/text2.sqw?idd=145031
UO061,3,2,,L. Zaorálek,F,Zahraniční výbor,13. – 18. 5. 2018,12. – 19. 5. 2018,Peru,,Lima,"Peru, Kolumbie – jednání s partnerským výborem a představiteli dalších institucí - záměr vyslání schválen ORGV 24. 1. 2018, usn. č. 33","doprava, místní doprava, ubytování, stravné, pojištění, tlumočení",http://www.psp.cz/sqw/text/text2.sqw?idd=145031
UO061,3,2,,J. Bžoch,F,Zahraniční výbor,13. – 18. 5. 2018,12. – 19. 5. 2018,Peru,,Lima,"Peru, Kolumbie – jednání s partnerským výborem a představiteli dalších institucí - záměr vyslání schválen ORGV 24. 1. 2018, usn. č. 33","doprava, místní doprava, ubytování, stravné, pojištění, tlumočení",http://www.psp.cz/sqw/text/text2.sqw?idd=145031
UO061,3,2,,J. Holík,F,Zahraniční výbor,13. – 18. 5. 2018,12. – 19. 5. 2018,Peru,,Lima,"Peru, Kolumbie – jednání s partnerským výborem a představiteli dalších institucí - záměr vyslání schválen ORGV 24. 1. 2018, usn. č. 33","doprava, místní doprava, ubytování, stravné, pojištění, tlumočení",http://www.psp.cz/sqw/text/text2.sqw?idd=145031
UO061,3,2,,V. Rakušan,F,Zahraniční výbor,13. – 18. 5. 2018,12. – 19. 5. 2018,Peru,,Lima,"Peru, Kolumbie – jednání s partnerským výborem a představiteli dalších institucí - záměr vyslání schválen ORGV 24. 1. 2018, usn. č. 33","doprava, místní doprava, ubytování, stravné, pojištění, tlumočení",http://www.psp.cz/sqw/text/text2.sqw?idd=145031
UO061,3,2,,J. Kubík,T,Zahraniční výbor,13. – 18. 5. 2018,12. – 19. 5. 2018,Peru,,Lima,"Peru, Kolumbie – jednání s partnerským výborem a představiteli dalších institucí - záměr vyslání schválen ORGV 24. 1. 2018, usn. č. 33","doprava, místní doprava, ubytování, stravné, pojištění, tlumočení",http://www.psp.cz/sqw/text/text2.sqw?idd=145031
UO061,3,2,,Z. Majerová Zahradníková,T,Zahraniční výbor,13. – 18. 5. 2018,12. – 19. 5. 2018,Peru,,Lima,"Peru, Kolumbie – jednání s partnerským výborem a představiteli dalších institucí - záměr vyslání schválen ORGV 24. 1. 2018, usn. č. 33","doprava, místní doprava, ubytování, stravné, pojištění, tlumočení",http://www.psp.cz/sqw/text/text2.sqw?idd=145031
UO061,3,3,,R. Maxová,F,Výbor pro sociální politiku,4. – 8. 6. 2018,4. – 8. 6. 2018,Norsko,,Oslo,"jednání s partnerským výborem a představiteli dalších institucí - záměr vyslání schválen ORGV 24. 1. 2018, usn. č. 33","doprava, místní doprava, ubytování, stravné, pojištění, tlumočení",http://www.psp.cz/sqw/text/text2.sqw?idd=145031
UO061,3,3,,H. Aulická Jírovcová,F,Výbor pro sociální politiku,4. – 8. 6. 2018,4. – 8. 6. 2018,Norsko,,Oslo,"jednání s partnerským výborem a představiteli dalších institucí - záměr vyslání schválen ORGV 24. 1. 2018, usn. č. 33","doprava, místní doprava, ubytování, stravné, pojištění, tlumočení",http://www.psp.cz/sqw/text/text2.sqw?idd=145031
UO061,3,3,,P. Golasowská,F,Výbor pro sociální politiku,4. – 8. 6. 2018,4. – 8. 6. 2018,Norsko,,Oslo,"jednání s partnerským výborem a představiteli dalších institucí - záměr vyslání schválen ORGV 24. 1. 2018, usn. č. 33","doprava, místní doprava, ubytování, stravné, pojištění, tlumočení",http://www.psp.cz/sqw/text/text2.sqw?idd=145031
UO061,3,3,,L. Kolářík,F,Výbor pro sociální politiku,4. – 8. 6. 2018,4. – 8. 6. 2018,Norsko,,Oslo,"jednání s partnerským výborem a představiteli dalších institucí - záměr vyslání schválen ORGV 24. 1. 2018, usn. č. 33","doprava, místní doprava, ubytování, stravné, pojištění, tlumočení",http://www.psp.cz/sqw/text/text2.sqw?idd=145031
UO061,3,3,,J. Bauer,T,Výbor pro sociální politiku,4. – 8. 6. 2018,4. – 8. 6. 2018,Norsko,,Oslo,"jednání s partnerským výborem a představiteli dalších institucí - záměr vyslání schválen ORGV 24. 1. 2018, usn. č. 33","doprava, místní doprava, ubytování, stravné, pojištění, tlumočení",http://www.psp.cz/sqw/text/text2.sqw?idd=145031
UO061,3,3,,L. Dražilová,T,Výbor pro sociální politiku,4. – 8. 6. 2018,4. – 8. 6. 2018,Norsko,,Oslo,"jednání s partnerským výborem a představiteli dalších institucí - záměr vyslání schválen ORGV 24. 1. 2018, usn. č. 33","doprava, místní doprava, ubytování, stravné, pojištění, tlumočení",http://www.psp.cz/sqw/text/text2.sqw?idd=145031
UO061,3,3,,J. Pastuchová,T,"předsedkyně Stálé komise pro rodinu, rovné příležitosti a národnostní menšiny",4. – 8. 6. 2018,4. – 8. 6. 2018,Norsko,,Oslo,"jednání s partnerským výborem a představiteli dalších institucí - záměr vyslání schválen ORGV 24. 1. 2018, usn. č. 33","doprava, místní doprava, ubytování, stravné, pojištění, tlumočení",http://www.psp.cz/sqw/text/text2.sqw?idd=145031
UO061,3,4,,V. Adámková,F,Výbor pro zdravotnictví,6. – 8. 6. 2018,6. – 8. 6. 2018,Rakousko,,Vídeň,"jednání s partnerským výborem a představiteli dalších institucí - záměr vyslání schválen ORGV 24. 1. 2018, usn. č. 33","doprava, ubytování, stravné, pojištění, tlumočení",http://www.psp.cz/sqw/text/text2.sqw?idd=145031
UO061,3,4,,M. Brázdil,F,Výbor pro zdravotnictví,6. – 8. 6. 2018,6. – 8. 6. 2018,Rakousko,,Vídeň,"jednání s partnerským výborem a představiteli dalších institucí - záměr vyslání schválen ORGV 24. 1. 2018, usn. č. 33","doprava, ubytování, stravné, pojištění, tlumočení",http://www.psp.cz/sqw/text/text2.sqw?idd=145031
UO061,3,4,,M. Janulík,F,Výbor pro zdravotnictví,6. – 8. 6. 2018,6. – 8. 6. 2018,Rakousko,,Vídeň,"jednání s partnerským výborem a představiteli dalších institucí - záměr vyslání schválen ORGV 24. 1. 2018, usn. č. 33","doprava, ubytování, stravné, pojištění, tlumočení",http://www.psp.cz/sqw/text/text2.sqw?idd=145031
UO061,3,4,,D. Pawlas,F,Výbor pro zdravotnictví,6. – 8. 6. 2018,6. – 8. 6. 2018,Rakousko,,Vídeň,"jednání s partnerským výborem a představiteli dalších institucí - záměr vyslání schválen ORGV 24. 1. 2018, usn. č. 33","doprava, ubytování, stravné, pojištění, tlumočení",http://www.psp.cz/sqw/text/text2.sqw?idd=145031
UO061,3,4,,V. Válek,F,Výbor pro zdravotnictví,6. – 8. 6. 2018,6. – 8. 6. 2018,Rakousko,,Vídeň,"jednání s partnerským výborem a představiteli dalších institucí - záměr vyslání schválen ORGV 24. 1. 2018, usn. č. 33","doprava, ubytování, stravné, pojištění, tlumočení",http://www.psp.cz/sqw/text/text2.sqw?idd=145031
UO061,3,4,,J. Ventruba,F,Výbor pro zdravotnictví,6. – 8. 6. 2018,6. – 8. 6. 2018,Rakousko,,Vídeň,"jednání s partnerským výborem a představiteli dalších institucí - záměr vyslání schválen ORGV 24. 1. 2018, usn. č. 33","doprava, ubytování, stravné, pojištění, tlumočení",http://www.psp.cz/sqw/text/text2.sqw?idd=145031
UO061,3,4,,H. Aulická Jírovcová,T,Výbor pro zdravotnictví,6. – 8. 6. 2018,6. – 8. 6. 2018,Rakousko,,Vídeň,"jednání s partnerským výborem a představiteli dalších institucí - záměr vyslání schválen ORGV 24. 1. 2018, usn. č. 33","doprava, ubytování, stravné, pojištění, tlumočení",http://www.psp.cz/sqw/text/text2.sqw?idd=145031
UO061,3,4,,J. Běhounek,T,Výbor pro zdravotnictví,6. – 8. 6. 2018,6. – 8. 6. 2018,Rakousko,,Vídeň,"jednání s partnerským výborem a představiteli dalších institucí - záměr vyslání schválen ORGV 24. 1. 2018, usn. č. 33","doprava, ubytování, stravné, pojištění, tlumočení",http://www.psp.cz/sqw/text/text2.sqw?idd=145031
UO061,3,4,,A. Gajdůšková,T,Výbor pro zdravotnictví,6. – 8. 6. 2018,6. – 8. 6. 2018,Rakousko,,Vídeň,"jednání s partnerským výborem a představiteli dalších institucí - záměr vyslání schválen ORGV 24. 1. 2018, usn. č. 33","doprava, ubytování, stravné, pojištění, tlumočení",http://www.psp.cz/sqw/text/text2.sqw?idd=145031
UO061,3,4,,D. Kasal,T,Výbor pro zdravotnictví,6. – 8. 6. 2018,6. – 8. 6. 2018,Rakousko,,Vídeň,"jednání s partnerským výborem a představiteli dalších institucí - záměr vyslání schválen ORGV 24. 1. 2018, usn. č. 33","doprava, ubytování, stravné, pojištění, tlumočení",http://www.psp.cz/sqw/text/text2.sqw?idd=145031
UO061,3,4,,J. Mašek,T,Výbor pro zdravotnictví,6. – 8. 6. 2018,6. – 8. 6. 2018,Rakousko,,Vídeň,"jednání s partnerským výborem a představiteli dalších institucí - záměr vyslání schválen ORGV 24. 1. 2018, usn. č. 33","doprava, ubytování, stravné, pojištění, tlumočení",http://www.psp.cz/sqw/text/text2.sqw?idd=145031
UO061,3,4,,P. Třešňák,T,Výbor pro zdravotnictví,6. – 8. 6. 2018,6. – 8. 6. 2018,Rakousko,,Vídeň,"jednání s partnerským výborem a představiteli dalších institucí - záměr vyslání schválen ORGV 24. 1. 2018, usn. č. 33","doprava, ubytování, stravné, pojištění, tlumočení",http://www.psp.cz/sqw/text/text2.sqw?idd=145031
UO065,3,1,,V. Filip,F,místopředseda PS,13. – 19. 5. 2018,13. – 19. 5. 2018,Kazachstán,,Astana,"jednání s partnerským výborem a představiteli dalších institucí - záměr vyslání schválen ORGV 24. 1. 2018, usn. č. 33","doprava, místní doprava, ubytování, stravné, pojištění, tlumočení",http://www.psp.cz/sqw/text/text2.sqw?idd=145108
UO065,3,1,,J. Faltýnek,F,Zemědělský výbor,13. – 19. 5. 2018,13. – 19. 5. 2018,Kazachstán,,Astana,"jednání s partnerským výborem a představiteli dalších institucí - záměr vyslání schválen ORGV 24. 1. 2018, usn. č. 33","doprava, místní doprava, ubytování, stravné, pojištění, tlumočení",http://www.psp.cz/sqw/text/text2.sqw?idd=145108
UO065,3,1,,P. Kováčik,F,Zemědělský výbor,13. – 19. 5. 2018,13. – 19. 5. 2018,Kazachstán,,Astana,"jednání s partnerským výborem a představiteli dalších institucí - záměr vyslání schválen ORGV 24. 1. 2018, usn. č. 33","doprava, místní doprava, ubytování, stravné, pojištění, tlumočení",http://www.psp.cz/sqw/text/text2.sqw?idd=145108
UO065,3,1,,J. Kott,F,Zemědělský výbor,13. – 19. 5. 2018,13. – 19. 5. 2018,Kazachstán,,Astana,"jednání s partnerským výborem a představiteli dalších institucí - záměr vyslání schválen ORGV 24. 1. 2018, usn. č. 33","doprava, místní doprava, ubytování, stravné, pojištění, tlumočení",http://www.psp.cz/sqw/text/text2.sqw?idd=145108
UO065,3,1,,J. Krutáková,F,Zemědělský výbor,13. – 19. 5. 2018,13. – 19. 5. 2018,Kazachstán,,Astana,"jednání s partnerským výborem a představiteli dalších institucí - záměr vyslání schválen ORGV 24. 1. 2018, usn. č. 33","doprava, místní doprava, ubytování, stravné, pojištění, tlumočení",http://www.psp.cz/sqw/text/text2.sqw?idd=145108
UO065,3,1,,Z. Podal,T,Zemědělský výbor,13. – 19. 5. 2018,13. – 19. 5. 2018,Kazachstán,,Astana,"jednání s partnerským výborem a představiteli dalších institucí - záměr vyslání schválen ORGV 24. 1. 2018, usn. č. 33","doprava, místní doprava, ubytování, stravné, pojištění, tlumočení",http://www.psp.cz/sqw/text/text2.sqw?idd=145108
UO065,3,2,,R. Vondráček,F,předseda PS,16. – 25. 7. 2018,16. – 25. 7. 2018,USA,,Washington,reciproční pracovní návštěva předsedy PS v USA (na pozvání předsedy Sněmovny reprezentantů USA),"doprava, místní doprava, ubytování, stravné, pojištění",http://www.psp.cz/sqw/text/text2.sqw?idd=145108
UO070,1,1,NATO,J. Řehounek,F,NA,18. – 22. 6. 2018,16. – 23. 6. 2018,Japonsko,,Tokyo,zasedání Podvýboru pro transatlantické ekonomické vztahy,"doprava, ubytování, stravné, pojištění",http://www.psp.cz/sqw/text/text2.sqw?idd=145621
UO070,1,2,Meziparlamentní unie,O. Polanský,F,NA,2. 6. 2018,1. – 3. 6. 2018,Portugalsko,,Lisabon,zvláštní zasedání geopolitické Skupiny 12+,"doprava, ubytování, stravné, pojištění",http://www.psp.cz/sqw/text/text2.sqw?idd=145621
UO070,2,1,,F. Kopřiva,F,Výbor pro evropské záležitosti,15. 5. 2018,14. – 16. 5. 2018,Belgie,EP,Brusel,účast na meziparlamentním setkání pořádaném výborem LIBE EP v Bruselu,"doprava, ubytování, stravné, pojištění",http://www.psp.cz/sqw/text/text2.sqw?idd=145621
UO070,2,1,,P. Mališ,F,Výbor pro evropské záležitosti,15. 5. 2018,14. – 16. 5. 2018,Belgie,EP,Brusel,účast na meziparlamentním setkání pořádaném výborem LIBE EP v Bruselu,"doprava, ubytování, stravné, pojištění",http://www.psp.cz/sqw/text/text2.sqw?idd=145621
UO070,2,2,,O. Benešík,F,Výbor pro evropské záležitosti,3. – 4. 6. 2018,2. – 5. 6. 2018,Polsko,V4,Varšava,pravidelné jednání předsedů a členů výborů pro evropské záležitosti parlamentů zemí V4 pořádané polským Sejmem ve Varšavě,"doprava, ubytování, stravné, pojištění",http://www.psp.cz/sqw/text/text2.sqw?idd=145621
UO070,2,2,,A. Babišová,F,Výbor pro evropské záležitosti,3. – 4. 6. 2018,2. – 5. 6. 2018,Polsko,V4,Varšava,pravidelné jednání předsedů a členů výborů pro evropské záležitosti parlamentů zemí V4 pořádané polským Sejmem ve Varšavě,"doprava, ubytování, stravné, pojištění",http://www.psp.cz/sqw/text/text2.sqw?idd=145621
UO070,2,2,,P. Mališ,F,Výbor pro evropské záležitosti,3. – 4. 6. 2018,2. – 5. 6. 2018,Polsko,V4,Varšava,pravidelné jednání předsedů a členů výborů pro evropské záležitosti parlamentů zemí V4 pořádané polským Sejmem ve Varšavě,"doprava, ubytování, stravné, pojištění",http://www.psp.cz/sqw/text/text2.sqw?idd=145621
UO070,2,2,,J. Skopeček,F,Výbor pro evropské záležitosti,3. – 4. 6. 2018,2. – 5. 6. 2018,Polsko,V4,Varšava,pravidelné jednání předsedů a členů výborů pro evropské záležitosti parlamentů zemí V4 pořádané polským Sejmem ve Varšavě,"doprava, ubytování, stravné, pojištění",http://www.psp.cz/sqw/text/text2.sqw?idd=145621
UO070,2,2,,J. Bžoch,T,Výbor pro evropské záležitosti,3. – 4. 6. 2018,2. – 5. 6. 2018,Polsko,V4,Varšava,pravidelné jednání předsedů a členů výborů pro evropské záležitosti parlamentů zemí V4 pořádané polským Sejmem ve Varšavě,"doprava, ubytování, stravné, pojištění",http://www.psp.cz/sqw/text/text2.sqw?idd=145621
UO070,2,2,,J. Zahradník,T,Výbor pro evropské záležitosti,3. – 4. 6. 2018,2. – 5. 6. 2018,Polsko,V4,Varšava,pravidelné jednání předsedů a členů výborů pro evropské záležitosti parlamentů zemí V4 pořádané polským Sejmem ve Varšavě,"doprava, ubytování, stravné, pojištění",http://www.psp.cz/sqw/text/text2.sqw?idd=145621
UO070,2,2,,A. Kalous,T,Výbor pro evropské záležitosti,3. – 4. 6. 2018,2. – 5. 6. 2018,Polsko,V4,Varšava,pravidelné jednání předsedů a členů výborů pro evropské záležitosti parlamentů zemí V4 pořádané polským Sejmem ve Varšavě,"doprava, ubytování, stravné, pojištění",http://www.psp.cz/sqw/text/text2.sqw?idd=145621
UO070,2,3,,O. Benešík,F,Výbor pro evropské záležitosti,17. – 19. 6. 2018,16. – 20. 6. 2018,Bulharsko,EU,Sofie,LIX. COSAC – Konference výborů pro evropské záležitosti národních parlamentů členských a kandidátských zemí EU a zástupců EP pořádaná v rámci bulharského předsednictví v Radě EU v Sofii,"doprava, ubytování, stravné, pojištění",http://www.psp.cz/sqw/text/text2.sqw?idd=145621
UO070,2,3,,J. Bžoch,F,Výbor pro evropské záležitosti,17. – 19. 6. 2018,16. – 20. 6. 2018,Bulharsko,EU,Sofie,LIX. COSAC – Konference výborů pro evropské záležitosti národních parlamentů členských a kandidátských zemí EU a zástupců EP pořádaná v rámci bulharského předsednictví v Radě EU v Sofii,"doprava, ubytování, stravné, pojištění",http://www.psp.cz/sqw/text/text2.sqw?idd=145621
UO070,2,3,,P. Mališ,F,Výbor pro evropské záležitosti,17. – 19. 6. 2018,16. – 20. 6. 2018,Bulharsko,EU,Sofie,LIX. COSAC – Konference výborů pro evropské záležitosti národních parlamentů členských a kandidátských zemí EU a zástupců EP pořádaná v rámci bulharského předsednictví v Radě EU v Sofii,"doprava, ubytování, stravné, pojištění",http://www.psp.cz/sqw/text/text2.sqw?idd=145621
UO070,2,3,,O. Veselý,F,Výbor pro evropské záležitosti,17. – 19. 6. 2018,16. – 20. 6. 2018,Bulharsko,EU,Sofie,LIX. COSAC – Konference výborů pro evropské záležitosti národních parlamentů členských a kandidátských zemí EU a zástupců EP pořádaná v rámci bulharského předsednictví v Radě EU v Sofii,"doprava, ubytování, stravné, pojištění",http://www.psp.cz/sqw/text/text2.sqw?idd=145621
UO070,2,3,,A. Kalous,T,Výbor pro evropské záležitosti,17. – 19. 6. 2018,16. – 20. 6. 2018,Bulharsko,EU,Sofie,LIX. COSAC – Konference výborů pro evropské záležitosti národních parlamentů členských a kandidátských zemí EU a zástupců EP pořádaná v rámci bulharského předsednictví v Radě EU v Sofii,"doprava, ubytování, stravné, pojištění",http://www.psp.cz/sqw/text/text2.sqw?idd=145621
UO070,2,3,,J. Valenta,T,Výbor pro evropské záležitosti,17. – 19. 6. 2018,16. – 20. 6. 2018,Bulharsko,EU,Sofie,LIX. COSAC – Konference výborů pro evropské záležitosti národních parlamentů členských a kandidátských zemí EU a zástupců EP pořádaná v rámci bulharského předsednictví v Radě EU v Sofii,"doprava, ubytování, stravné, pojištění",http://www.psp.cz/sqw/text/text2.sqw?idd=145621
UO070,3,1,,V. Filip,F,místopředseda PS,4. – 9. 6. 2018,3. – 10. 6. 2018,Vietnam,,Hanoj,"jednání s partnerským výborem a představiteli dalších institucí - záměr vyslání schválen ORGV 24. 1. 2018, usn. č. 33","doprava, místní doprava, ubytování, stravné, pojištění, tlumočení",http://www.psp.cz/sqw/text/text2.sqw?idd=145621
UO070,3,1,,V. Klaus,F,"Výbor pro vědu, vzdělání, kulturu, mládež a tělovýchovu",4. – 9. 6. 2018,3. – 10. 6. 2018,Vietnam,,Hanoj,"jednání s partnerským výborem a představiteli dalších institucí - záměr vyslání schválen ORGV 24. 1. 2018, usn. č. 33","doprava, místní doprava, ubytování, stravné, pojištění, tlumočení",http://www.psp.cz/sqw/text/text2.sqw?idd=145621
UO070,3,1,,L. Bartoň,F,"Výbor pro vědu, vzdělání, kulturu, mládež a tělovýchovu",4. – 9. 6. 2018,3. – 10. 6. 2018,Vietnam,,Hanoj,"jednání s partnerským výborem a představiteli dalších institucí - záměr vyslání schválen ORGV 24. 1. 2018, usn. č. 33","doprava, místní doprava, ubytování, stravné, pojištění, tlumočení",http://www.psp.cz/sqw/text/text2.sqw?idd=145621
UO070,3,1,,V. Procházková,F,"Výbor pro vědu, vzdělání, kulturu, mládež a tělovýchovu",4. – 9. 6. 2018,3. – 10. 6. 2018,Vietnam,,Hanoj,"jednání s partnerským výborem a představiteli dalších institucí - záměr vyslání schválen ORGV 24. 1. 2018, usn. č. 33","doprava, místní doprava, ubytování, stravné, pojištění, tlumočení",http://www.psp.cz/sqw/text/text2.sqw?idd=145621
UO070,3,1,,L. Volný,F,"Výbor pro vědu, vzdělání, kulturu, mládež a tělovýchovu",4. – 9. 6. 2018,3. – 10. 6. 2018,Vietnam,,Hanoj,"jednání s partnerským výborem a představiteli dalších institucí - záměr vyslání schválen ORGV 24. 1. 2018, usn. č. 33","doprava, místní doprava, ubytování, stravné, pojištění, tlumočení",http://www.psp.cz/sqw/text/text2.sqw?idd=145621
UO070,3,1,,Z. Majerová-Zahradníková,T,"Výbor pro vědu, vzdělání, kulturu, mládež a tělovýchovu",4. – 9. 6. 2018,3. – 10. 6. 2018,Vietnam,,Hanoj,"jednání s partnerským výborem a představiteli dalších institucí - záměr vyslání schválen ORGV 24. 1. 2018, usn. č. 33","doprava, místní doprava, ubytování, stravné, pojištění, tlumočení",http://www.psp.cz/sqw/text/text2.sqw?idd=145621
UO070,3,1,,J. Mihola,T,"Výbor pro vědu, vzdělání, kulturu, mládež a tělovýchovu",4. – 9. 6. 2018,3. – 10. 6. 2018,Vietnam,,Hanoj,"jednání s partnerským výborem a představiteli dalších institucí - záměr vyslání schválen ORGV 24. 1. 2018, usn. č. 33","doprava, místní doprava, ubytování, stravné, pojištění, tlumočení",http://www.psp.cz/sqw/text/text2.sqw?idd=145621
UO070,3,2,,M. Benda,F,Ústavně právní výbor,4. – 6. 6. 2018,3. – 6. 6. 2018,Nizozemsko,,Amsterdam,"jednání s partnerským výborem a představiteli dalších institucí - záměr vyslání schválen ORGV 24. 1. 2018, usn. č. 33","doprava, místní doprava, ubytování, stravné, pojištění, tlumočení",http://www.psp.cz/sqw/text/text2.sqw?idd=145621
UO070,3,2,,J. Levová,F,Ústavně právní výbor,4. – 6. 6. 2018,3. – 6. 6. 2018,Nizozemsko,,Amsterdam,"jednání s partnerským výborem a představiteli dalších institucí - záměr vyslání schválen ORGV 24. 1. 2018, usn. č. 33","doprava, místní doprava, ubytování, stravné, pojištění, tlumočení",http://www.psp.cz/sqw/text/text2.sqw?idd=145621
UO070,3,2,,J. Michálek,F,Ústavně právní výbor,4. – 6. 6. 2018,3. – 6. 6. 2018,Nizozemsko,,Amsterdam,"jednání s partnerským výborem a představiteli dalších institucí - záměr vyslání schválen ORGV 24. 1. 2018, usn. č. 33","doprava, místní doprava, ubytování, stravné, pojištění, tlumočení",http://www.psp.cz/sqw/text/text2.sqw?idd=145621
UO070,3,2,,V. Procházková,F,Ústavně právní výbor,4. – 6. 6. 2018,3. – 6. 6. 2018,Nizozemsko,,Amsterdam,"jednání s partnerským výborem a představiteli dalších institucí - záměr vyslání schválen ORGV 24. 1. 2018, usn. č. 33","doprava, místní doprava, ubytování, stravné, pojištění, tlumočení",http://www.psp.cz/sqw/text/text2.sqw?idd=145621
UO070,3,2,,Z. Ondráček,T,Ústavně právní výbor,4. – 6. 6. 2018,3. – 6. 6. 2018,Nizozemsko,,Amsterdam,"jednání s partnerským výborem a představiteli dalších institucí - záměr vyslání schválen ORGV 24. 1. 2018, usn. č. 33","doprava, místní doprava, ubytování, stravné, pojištění, tlumočení",http://www.psp.cz/sqw/text/text2.sqw?idd=145621
UO070,3,2,,M. Výborný,T,Ústavně právní výbor,4. – 6. 6. 2018,3. – 6. 6. 2018,Nizozemsko,,Amsterdam,"jednání s partnerským výborem a představiteli dalších institucí - záměr vyslání schválen ORGV 24. 1. 2018, usn. č. 33","doprava, místní doprava, ubytování, stravné, pojištění, tlumočení",http://www.psp.cz/sqw/text/text2.sqw?idd=145621
UO070,3,3,,L. Zaorálek,F,Zahraniční výbor,4. – 6. 6. 2018,4. – 6. 6. 2018,Bosna a Hercegovina,,Sarajevo,"jednání s partnerským výborem a představiteli dalších institucí - záměr vyslání schválen ORGV 24. 1. 2018, usn. č. 33","doprava, místní doprava, ubytování, stravné, pojištění, tlumočení",http://www.psp.cz/sqw/text/text2.sqw?idd=145621
UO070,3,3,,J. Lipavský,F,Zahraniční výbor,4. – 6. 6. 2018,4. – 6. 6. 2018,Bosna a Hercegovina,,Sarajevo,"jednání s partnerským výborem a představiteli dalších institucí - záměr vyslání schválen ORGV 24. 1. 2018, usn. č. 33","doprava, místní doprava, ubytování, stravné, pojištění, tlumočení",http://www.psp.cz/sqw/text/text2.sqw?idd=145621
UO070,3,3,,D. Pawlas,F,Zahraniční výbor,4. – 6. 6. 2018,4. – 6. 6. 2018,Bosna a Hercegovina,,Sarajevo,"jednání s partnerským výborem a představiteli dalších institucí - záměr vyslání schválen ORGV 24. 1. 2018, usn. č. 33","doprava, místní doprava, ubytování, stravné, pojištění, tlumočení",http://www.psp.cz/sqw/text/text2.sqw?idd=145621
UO070,3,3,,P. Plzák,F,Zahraniční výbor,4. – 6. 6. 2018,4. – 6. 6. 2018,Bosna a Hercegovina,,Sarajevo,"jednání s partnerským výborem a představiteli dalších institucí - záměr vyslání schválen ORGV 24. 1. 2018, usn. č. 33","doprava, místní doprava, ubytování, stravné, pojištění, tlumočení",http://www.psp.cz/sqw/text/text2.sqw?idd=145621
UO070,3,3,,J. Kobza,T,Zahraniční výbor,4. – 6. 6. 2018,4. – 6. 6. 2018,Bosna a Hercegovina,,Sarajevo,"jednání s partnerským výborem a představiteli dalších institucí - záměr vyslání schválen ORGV 24. 1. 2018, usn. č. 33","doprava, místní doprava, ubytování, stravné, pojištění, tlumočení",http://www.psp.cz/sqw/text/text2.sqw?idd=145621
UO070,3,3,,K. Krejza,T,Zahraniční výbor,4. – 6. 6. 2018,4. – 6. 6. 2018,Bosna a Hercegovina,,Sarajevo,"jednání s partnerským výborem a představiteli dalších institucí - záměr vyslání schválen ORGV 24. 1. 2018, usn. č. 33","doprava, místní doprava, ubytování, stravné, pojištění, tlumočení",http://www.psp.cz/sqw/text/text2.sqw?idd=145621
UO070,3,4,,R. Fiala,F,Hospodářský výbor,6. – 8. 6. 2018,6. – 8. 6. 2018,Slovensko,,Bratislava,"jednání s partnerskými výbory a představiteli dalších institucí - záměr vyslání HV schválen ORGV 24. 1. 2018, usn. č. 33 (společná cesta HV a KV)","doprava, ubytování, stravné, pojištění",http://www.psp.cz/sqw/text/text2.sqw?idd=145621
UO070,3,4,,K. Matušovská,F,Hospodářský výbor,6. – 8. 6. 2018,6. – 8. 6. 2018,Slovensko,,Bratislava,"jednání s partnerskými výbory a představiteli dalších institucí - záměr vyslání HV schválen ORGV 24. 1. 2018, usn. č. 33 (společná cesta HV a KV)","doprava, ubytování, stravné, pojištění",http://www.psp.cz/sqw/text/text2.sqw?idd=145621
UO070,3,4,,V. Munzar,F,Hospodářský výbor,6. – 8. 6. 2018,6. – 8. 6. 2018,Slovensko,,Bratislava,"jednání s partnerskými výbory a představiteli dalších institucí - záměr vyslání HV schválen ORGV 24. 1. 2018, usn. č. 33 (společná cesta HV a KV)","doprava, ubytování, stravné, pojištění",http://www.psp.cz/sqw/text/text2.sqw?idd=145621
UO070,3,4,,Z. Ožanová,F,Hospodářský výbor,6. – 8. 6. 2018,6. – 8. 6. 2018,Slovensko,,Bratislava,"jednání s partnerskými výbory a představiteli dalších institucí - záměr vyslání HV schválen ORGV 24. 1. 2018, usn. č. 33 (společná cesta HV a KV)","doprava, ubytování, stravné, pojištění",http://www.psp.cz/sqw/text/text2.sqw?idd=145621
UO070,3,4,,R. Kubíček,T,Hospodářský výbor,6. – 8. 6. 2018,6. – 8. 6. 2018,Slovensko,,Bratislava,"jednání s partnerskými výbory a představiteli dalších institucí - záměr vyslání HV schválen ORGV 24. 1. 2018, usn. č. 33 (společná cesta HV a KV)","doprava, ubytování, stravné, pojištění",http://www.psp.cz/sqw/text/text2.sqw?idd=145621
UO070,3,4,,R. Kubíček,F,Kontrolní výbor,6. – 8. 6. 2018,6. – 8. 6. 2018,Slovensko,,Bratislava,"jednání s partnerskými výbory a představiteli dalších institucí - záměr vyslání HV schválen ORGV 24. 1. 2018, usn. č. 33 (společná cesta HV a KV)","doprava, ubytování, stravné, pojištění",http://www.psp.cz/sqw/text/text2.sqw?idd=145621
UO070,3,4,,L. Černohorský,F,Kontrolní výbor,6. – 8. 6. 2018,6. – 8. 6. 2018,Slovensko,,Bratislava,"jednání s partnerskými výbory a představiteli dalších institucí - záměr vyslání HV schválen ORGV 24. 1. 2018, usn. č. 33 (společná cesta HV a KV)","doprava, ubytování, stravné, pojištění",http://www.psp.cz/sqw/text/text2.sqw?idd=145621
UO070,3,4,,M. Kupka,F,Kontrolní výbor,6. – 8. 6. 2018,6. – 8. 6. 2018,Slovensko,,Bratislava,"jednání s partnerskými výbory a představiteli dalších institucí - záměr vyslání HV schválen ORGV 24. 1. 2018, usn. č. 33 (společná cesta HV a KV)","doprava, ubytování, stravné, pojištění",http://www.psp.cz/sqw/text/text2.sqw?idd=145621
UO070,3,4,,I. Nevludová,F,Kontrolní výbor,6. – 8. 6. 2018,6. – 8. 6. 2018,Slovensko,,Bratislava,"jednání s partnerskými výbory a představiteli dalších institucí - záměr vyslání HV schválen ORGV 24. 1. 2018, usn. č. 33 (společná cesta HV a KV)","doprava, ubytování, stravné, pojištění",http://www.psp.cz/sqw/text/text2.sqw?idd=145621
UO070,3,4,,V. Munzar,T,Kontrolní výbor,6. – 8. 6. 2018,6. – 8. 6. 2018,Slovensko,,Bratislava,"jednání s partnerskými výbory a představiteli dalších institucí - záměr vyslání HV schválen ORGV 24. 1. 2018, usn. č. 33 (společná cesta HV a KV)","doprava, ubytování, stravné, pojištění",http://www.psp.cz/sqw/text/text2.sqw?idd=145621
UO070,4,1,,J. Chvojka,F,Výbor pro veřejnou správu,21. 6. 2018,20. – 21. 6. 2018,Slovensko,,Bratislava,"účast na meziparlamentním semináři „Stop nenávisti na internetu: role zákonodárců v době internetových velmocí“ pořádaném Národní radou SR v Bratislavě (v zastoupení předsedy PS, na základě pozvání od předsedy NR SR a předsedy Knessetu Izraele)","doprava, ubytování, stravné, pojištění",http://www.psp.cz/sqw/text/text2.sqw?idd=145621
UO075,1,1,NATO,J. Farský,F,NA,4. – 5. 6. 2018,3. – 5. 6. 2018,Belgie,,Brusel,meziparlamentní seminář PS NATO a EP na téma „Společný boj proti novým hrozbám – nová éra spolupráce NATO a EU“,"doprava, ubytování, stravné, pojištění",http://www.psp.cz/sqw/text/text2.sqw?idd=145881
UO075,1,1,NATO,J. Řehounek,F,NA,4. – 5. 6. 2018,3. – 5. 6. 2018,Belgie,,Brusel,meziparlamentní seminář PS NATO a EP na téma „Společný boj proti novým hrozbám – nová éra spolupráce NATO a EU“,"doprava, ubytování, stravné, pojištění",http://www.psp.cz/sqw/text/text2.sqw?idd=145881
UO075,1,1,NATO,P. Žáček,F,NA,4. – 5. 6. 2018,3. – 5. 6. 2018,Belgie,,Brusel,meziparlamentní seminář PS NATO a EP na téma „Společný boj proti novým hrozbám – nová éra spolupráce NATO a EU“,"doprava, ubytování, stravné, pojištění",http://www.psp.cz/sqw/text/text2.sqw?idd=145881
UO075,1,2,NATO,J. Hájek,F,NA,27. – 29. 6. 2018,26. – 30. 6. 2018,Makedonie,,Skopje,98. Rose-Rothův seminář PS NATO na téma „Euroatlantická integrace západního Balkánu“,"doprava, ubytování, stravné, pojištění",http://www.psp.cz/sqw/text/text2.sqw?idd=145881
UO075,1,2,NATO,H. Langšádlová,F,NA,27. – 29. 6. 2018,26. – 30. 6. 2018,Makedonie,,Skopje,98. Rose-Rothův seminář PS NATO na téma „Euroatlantická integrace západního Balkánu“,"doprava, ubytování, stravné, pojištění",http://www.psp.cz/sqw/text/text2.sqw?idd=145881
UO075,1,3,Organizace pro bezpečnost a spolupráci v Evropě,K. Maříková,F,NA,22. – 25. 6. 2018,21. – 25. 6. 2018,Turecko,,Ankara,"Ankara, Istanbul – monitorovací mise PS OBSE na předčasné prezidentské a parlamentní volby ","doprava, ubytování, stravné, pojištění, místní doprava, tlumočení",http://www.psp.cz/sqw/text/text2.sqw?idd=145881
UO075,1,3,Organizace pro bezpečnost a spolupráci v Evropě,Z. Ondráček,F,NA,22. – 25. 6. 2018,21. – 25. 6. 2018,Turecko,,Ankara,"Ankara, Istanbul – monitorovací mise PS OBSE na předčasné prezidentské a parlamentní volby ","doprava, ubytování, stravné, pojištění, místní doprava, tlumočení",http://www.psp.cz/sqw/text/text2.sqw?idd=145881
UO075,1,3,Organizace pro bezpečnost a spolupráci v Evropě,P. Plzák,F,NA,22. – 25. 6. 2018,21. – 25. 6. 2018,Turecko,,Ankara,"Ankara, Istanbul – monitorovací mise PS OBSE na předčasné prezidentské a parlamentní volby ","doprava, ubytování, stravné, pojištění, místní doprava, tlumočení",http://www.psp.cz/sqw/text/text2.sqw?idd=145881
UO075,3,1,,R. Vondráček,F,NA,8. 6. 2018,8. 6. 2018,Polsko,,Varšava,účast na setkání hlav států a vlád zemí bukurešťského formátu B9 ve Varšavě (v zastoupení prezidenta ČR),"stravné, pojištění",http://www.psp.cz/sqw/text/text2.sqw?idd=145881
UO075,4,1,,M. Oborná,F,předsedkyně Meziparlamentní skupiny přátel ČR-Slovensko,27. 5. 2018,26. – 27. 5. 2018,Slovensko,,Poluvsie,účast na pietním aktu při příležitosti výročí útoku československých parašutistů na říšského protektora R. Heydricha v rodné obci J. Gabčíka Poluvsie (na pozvání Velvyslanectví ČR v Bratislavě),"doprava, ubytování, stravné, pojištění",http://www.psp.cz/sqw/text/text2.sqw?idd=145881
UO075,4,2,,V. Filip,F,místopředseda PS,4. 6. 2018,3. – 4. 6. 2018,Rusko,,Moskva,"účast na mezinárodním fóru pro rozvoj parlamentarismu pořádaném Státní dumou Federálního shromáždění Ruské federace v Moskvě (v zastoupení předsedy PS, na pozvání předsedy Státní dumy V. Volodina)","doprava, stravné, pojištění",http://www.psp.cz/sqw/text/text2.sqw?idd=145881
UO075,4,3,,O. Benešík,F,předseda Výboru pro evropské záležitosti,5. – 7. 6. 2018,5. – 8. 6. 2018,Izrael,,Jeruzalém,účast na oslavách 70. výročí založení Státu Izrael pořádaných Parlamentem Izraele (Knesset) v Jeruzalémě,"doprava, ubytování, stravné, pojištění, účastnický poplatek ve výši 250.- USD",http://www.psp.cz/sqw/text/text2.sqw?idd=145881
UO075,4,3,,J. Bartošek,F,,5. – 7. 6. 2018,5. – 8. 6. 2018,Izrael,,Jeruzalém,účast na oslavách 70. výročí založení Státu Izrael pořádaných Parlamentem Izraele (Knesset) v Jeruzalémě,"doprava, ubytování, stravné, pojištění, účastnický poplatek ve výši 250.- USD",http://www.psp.cz/sqw/text/text2.sqw?idd=145881
UO079,1,1,Rada Evropy,M. Němcová,F,,25. – 29. 6. 2018,24. – 29. 6. 2018,Francie,,Štrasburk,3. část plenárního zasedání PS RE,"doprava, ubytování, stravné, pojištění, příspěvek na recepci pořádanou při příležitosti 100letého výročí založení Československa ve výši 200 EUR",http://www.psp.cz/sqw/text/text2.sqw?idd=145968
UO079,1,1,Rada Evropy,O. Benešík,F,,25. – 29. 6. 2018,24. – 29. 6. 2018,Francie,,Štrasburk,3. část plenárního zasedání PS RE,"doprava, ubytování, stravné, pojištění, příspěvek na recepci pořádanou při příležitosti 100letého výročí založení Československa ve výši 200 EUR",http://www.psp.cz/sqw/text/text2.sqw?idd=145968
UO079,1,1,Rada Evropy,J. Bžoch,F,,25. – 29. 6. 2018,24. – 29. 6. 2018,Francie,,Štrasburk,3. část plenárního zasedání PS RE,"doprava, ubytování, stravné, pojištění, příspěvek na recepci pořádanou při příležitosti 100letého výročí založení Československa ve výši 200 EUR",http://www.psp.cz/sqw/text/text2.sqw?idd=145968
UO079,1,1,Rada Evropy,T. Hanzel,F,,25. – 29. 6. 2018,24. – 29. 6. 2018,Francie,,Štrasburk,3. část plenárního zasedání PS RE,"doprava, ubytování, stravné, pojištění, příspěvek na recepci pořádanou při příležitosti 100letého výročí založení Československa ve výši 200 EUR",http://www.psp.cz/sqw/text/text2.sqw?idd=145968
UO079,1,1,Rada Evropy,F. Kopřiva,F,,25. – 29. 6. 2018,24. – 29. 6. 2018,Francie,,Štrasburk,3. část plenárního zasedání PS RE,"doprava, ubytování, stravné, pojištění, příspěvek na recepci pořádanou při příležitosti 100letého výročí založení Československa ve výši 200 EUR",http://www.psp.cz/sqw/text/text2.sqw?idd=145968
UO079,1,1,Rada Evropy,J. Kytýr,F,,25. – 29. 6. 2018,24. – 29. 6. 2018,Francie,,Štrasburk,3. část plenárního zasedání PS RE,"doprava, ubytování, stravné, pojištění, příspěvek na recepci pořádanou při příležitosti 100letého výročí založení Československa ve výši 200 EUR",http://www.psp.cz/sqw/text/text2.sqw?idd=145968
UO079,1,1,Rada Evropy,J. Kobza,F,,25. – 29. 6. 2018,24. – 29. 6. 2018,Francie,,Štrasburk,3. část plenárního zasedání PS RE,"doprava, ubytování, stravné, pojištění, příspěvek na recepci pořádanou při příležitosti 100letého výročí založení Československa ve výši 200 EUR",http://www.psp.cz/sqw/text/text2.sqw?idd=145968
UO079,1,1,Rada Evropy,P. Staněk,F,,25. – 29. 6. 2018,24. – 29. 6. 2018,Francie,,Štrasburk,3. část plenárního zasedání PS RE,"doprava, ubytování, stravné, pojištění, příspěvek na recepci pořádanou při příležitosti 100letého výročí založení Československa ve výši 200 EUR",http://www.psp.cz/sqw/text/text2.sqw?idd=145968
UO079,1,1,Rada Evropy,J. Strýček,F,,25. – 29. 6. 2018,24. – 29. 6. 2018,Francie,,Štrasburk,3. část plenárního zasedání PS RE,"doprava, ubytování, stravné, pojištění, příspěvek na recepci pořádanou při příležitosti 100letého výročí založení Československa ve výši 200 EUR",http://www.psp.cz/sqw/text/text2.sqw?idd=145968
UO079,1,1,Rada Evropy,J. Valenta,F,,25. – 29. 6. 2018,24. – 29. 6. 2018,Francie,,Štrasburk,3. část plenárního zasedání PS RE,"doprava, ubytování, stravné, pojištění, příspěvek na recepci pořádanou při příležitosti 100letého výročí založení Československa ve výši 200 EUR",http://www.psp.cz/sqw/text/text2.sqw?idd=145968
UO079,1,2,Organizace pro bezpečnost a spolupráci v Evropě,K. Maříková,F,,22. – 25. 6. 2018,21. – 25. 6. 2018,Turecko,,Ankara,"Ankara, Istanbul – monitorovací mise PS OBSE na předčasné prezidentské a parlamentní volby","doprava, ubytování, stravné, pojištění, místní doprava, tlumočení",http://www.psp.cz/sqw/text/text2.sqw?idd=145968
UO079,1,2,Organizace pro bezpečnost a spolupráci v Evropě,Z. Ondráček,F,,22. – 25. 6. 2018,21. – 25. 6. 2018,Turecko,,Ankara,"Ankara, Istanbul – monitorovací mise PS OBSE na předčasné prezidentské a parlamentní volby","doprava, ubytování, stravné, pojištění, místní doprava, tlumočení",http://www.psp.cz/sqw/text/text2.sqw?idd=145968
UO079,1,2,Organizace pro bezpečnost a spolupráci v Evropě,P. Plzák,F,,22. – 25. 6. 2018,21. – 25. 6. 2018,Turecko,,Ankara,"Ankara, Istanbul – monitorovací mise PS OBSE na předčasné prezidentské a parlamentní volby","doprava, ubytování, stravné, pojištění, místní doprava, tlumočení",http://www.psp.cz/sqw/text/text2.sqw?idd=145968
UO079,3,1,,R. Vondráček,F,předseda PS,13. - 14. 6. 2018,13. – 14. 6. 2018,Slovensko,,Bratislava,účast na společném zasedání vedení PS PČR a NR SR u příležitosti oslav 100. výročí vzniku samostatného Československa v Bratislavě (na pozvání předsedy NR SR A. Danka),"stravné, pojištění",http://www.psp.cz/sqw/text/text2.sqw?idd=145968
UO079,3,1,,J. Hamáček,F,1. místopředseda PS,13. - 14. 6. 2018,13. – 14. 6. 2018,Slovensko,,Bratislava,účast na společném zasedání vedení PS PČR a NR SR u příležitosti oslav 100. výročí vzniku samostatného Československa v Bratislavě (na pozvání předsedy NR SR A. Danka),"stravné, pojištění",http://www.psp.cz/sqw/text/text2.sqw?idd=145968
UO079,3,1,,V. Filip,F,místopředseda PS,13. - 14. 6. 2018,13. – 14. 6. 2018,Slovensko,,Bratislava,účast na společném zasedání vedení PS PČR a NR SR u příležitosti oslav 100. výročí vzniku samostatného Československa v Bratislavě (na pozvání předsedy NR SR A. Danka),"stravné, pojištění",http://www.psp.cz/sqw/text/text2.sqw?idd=145968
UO079,3,1,,P. Fiala,F,místopředseda PS,13. - 14. 6. 2018,13. – 14. 6. 2018,Slovensko,,Bratislava,účast na společném zasedání vedení PS PČR a NR SR u příležitosti oslav 100. výročí vzniku samostatného Československa v Bratislavě (na pozvání předsedy NR SR A. Danka),"stravné, pojištění",http://www.psp.cz/sqw/text/text2.sqw?idd=145968
UO079,3,1,,T. Okamura,F,místopředseda PS,13. - 14. 6. 2018,13. – 14. 6. 2018,Slovensko,,Bratislava,účast na společném zasedání vedení PS PČR a NR SR u příležitosti oslav 100. výročí vzniku samostatného Československa v Bratislavě (na pozvání předsedy NR SR A. Danka),"stravné, pojištění",http://www.psp.cz/sqw/text/text2.sqw?idd=145968
UO079,3,1,,V. Pikal,F,místopředseda PS,13. - 14. 6. 2018,13. – 14. 6. 2018,Slovensko,,Bratislava,účast na společném zasedání vedení PS PČR a NR SR u příležitosti oslav 100. výročí vzniku samostatného Československa v Bratislavě (na pozvání předsedy NR SR A. Danka),"stravné, pojištění",http://www.psp.cz/sqw/text/text2.sqw?idd=145968
UO079,4,1,,L. Zaorálek,F,předseda Zahraničního výboru,21. – 23. 6. 2018,21. – 23. 6. 2018,Polsko,,Varšava,účast na 168. Bergedorfském diskusním fóru na téma „Posílení evropské soudružnosti“ pořádané Körberovou nadací ve Varšavě (na pozvání Velvyslanectví SRN v ČR),"doprava, ubytování, stravné, pojištění",http://www.psp.cz/sqw/text/text2.sqw?idd=145968
UO079,4,2,,M. Janulík,F,předseda Meziparlamentní skupiny přátel ČR-Izrael,9. – 12. 7. 2018,9. – 13. 7. 2018,Izrael,,Jeruzalém,účast na konferenci předsedů Meziparlamentních skupin přátel s Izraelem pořádané Parlamentem Izraele (na pozvání předsedy Knessetu Y. Y. Edelsteina),"doprava, stravné, pojištění",http://www.psp.cz/sqw/text/text2.sqw?idd=145968